Author,title,source,video
 Jesssi | ç”¨æˆ¶æµxæ•¸æ“šæµ,UXR: User Research Plan on Netflix,UXR: User Research Plan on Netflix | by Melinna Sastra | Medium,https://youtu.be/vphVLcRRSfc
 yccc | ç”¨æˆ¶æµ x æ•¸æ“šæµ,â€œHookedâ€: virtual wardrobe app. UX case study,https://medium.com/@luciaparedes/hooked-app-de-armario-virtual-caso-de-estudio-ux-4dc55581e50aâ€œHookedâ€: virtual wardrobe app. UX case study.,https://youtu.be/SDIt6qDDOpM
: )  | æ•¸æ“šæµ,Reimagining ChatGPT: UI/UX Redesign Case Study,https://medium.com/design-bootcamp/reimagining-chatgpt-ui-ux-redesign-case-study-a9927c171a1b,https://youtu.be/rouzWGWUc14
+YEE,The Secret Behind Apple Devicesâ€™ Rounded Corners: The Hidden Genius of UX Design â€” Case Study,https://medium.com/@beckhamza/the-secret-behind-apple-devices-rounded-corners-the-hidden-genius-of-ux-design-case-study-da609774e606,https://youtu.be/6d__e0KtZ8w
ğŸ¦„Ann1/æ‰¾è³‡æºçš„PM-å•†æ¥­xç”¨æˆ¶æµï¼ˆAn93),"Co-Learn- Matchmaking app for study buddies- A UX Casestud
",https://medium.com/@atul1997.v/co-learn-matchmaking-app-for-study-buddies-a-ux-casestudy-f283292ae363,https://youtu.be/QAv8LDyRaJQ
ğŸ¦Šï½œç”¨æˆ¶æµï¼¸å•†æ¥­æµ,UI/ UX Case Study: YouTube Music Redesign,https://medium.com/@yapmanying36/ui-ux-case-study-youtube-music-be0fe66eafb3,https://www.youtube.com/watch?v=CRnOPSLuFOU
1113B036æ—æ†¶å®‰,UI UX Study case â€” Redesign IKEA Indonesia website,https://medium.com/@miqbalmahulana/ui-ux-study-case-redesign-ikea-co-id-a48a1d0c67e4,https://youtu.be/MdW2U8364fY
1113B039åŠ‰å† å»·,Increasing User Engagement on Spotify by adding a Comment and Recommendation Feature.,https://akintadetemitope.medium.com/increasing-user-engagement-on-the-spotify-by-creating-a-commenting-and-recommendation-feature-afad9ad59e9e,https://youtu.be/vWOURJSwxrk?si=uYonhwEOpL4u6HWL
1113B040æ›¹éŒ¦ç¥¥,Improving Valorant E-Sports Experienceâ€”UI/UX Case Study,https://medium.com/ux-planet/improving-valorant-e-sports-experience-ui-ux-case-study-37e36415a864,https://www.youtube.com/watch?v=2FqJzk0Wyzo
1114 b005å½­å…ƒå¿»,Burger King Mobile App Redesign â€” UI/UX Case Study,https://medium.com/@lusyaanggrn/burger-king-mobile-app-redesign-ui-ux-case-study-1f8a0d5464d3,https://youtu.be/EmhO392ervk
1114A045 é»ƒç‘‹ç³,Case Studyï¼š Slack çš„è¢å¹•é–±è®€å™¨æ“ä½œé«”é©—,https://medium.com/a11yvillage/case-study-slack-%E7%9A%84%E8%9E%A2%E5%B9%95%E9%96%B1%E8%AE%80%E5%99%A8%E6%93%8D%E4%BD%9C%E9%AB%94%E9%A9%97-f5777a97870d,https://youtu.be/srHii6GR0iA
1114B001é‚µè³‡å©·,Whee- Greek shores accessible to everyone,https://medium.com/design-bootcamp/access-for-all-the-impact-of-a-wheelchair-friendly-travel-app-a91d3513f391,https://youtu.be/KSR5-4U0zxc?si=b-_ZwYd5FHbMEuq0
1114B002ç¿æš„èŒ—,Enhancing the Netflix Search Experience: A UX Design Case Study,https://medium.com/design-bootcamp/enhancing-the-netflix-search-experience-a-ux-design-case-study-9c014302d98f,https://youtu.be/R5fpkywXcm8?feature=shared
1114B004é™³æ¦†ç”¯,Generation Change: A responsive redesign (UX/UI),https://medium.com/@jackalberttrew/generation-change-a-responsive-redesign-ux-ui-605b811c84f8,https://youtu.be/qfkjSTEfvng
1114b006è¬èŠå®œ,"Dominoâ€™s Pizza Mobile App Redesignâ€” UI/UX Case Study
",https://medium.com/ux-planet/dominos-pizza-mobile-app-redesign-ui-ux-case-study-2174ada48876,https://youtu.be/LYeb1UYIIIs
1114B008æä½©è“‰,"BookBuddy UI/UX Case Study
",https://medium.com/@ninadsonidesigns/bookbuddy-ui-ux-case-study-444e3cd85ab6,https://youtu.be/gzswvKgJJ4k
1114B009 æ—æ³ç©,UX Case Study : Recipe App â€” ResepMu,https://medium.com/@putrinatalisitumorang/ux-case-study-recipe-app-resepmu-29b9d3771209,https://youtu.be/BBiIV2JojRo?feature=shared
1114b010é¾èŠ¯ç‘œ,Ultimate ChatGPT cheatsheet for UX UI Designers: No Bullshit,https://uxplanet.org/ultimate-chatgpt-cheatsheet-for-ux-ui-designers-63c813fc859a,https://youtu.be/AzBLQXskqqU?si=dsblWdNR7StjeyWq
1114B011 å¼µé›¯çº,UI/UX Portfolio : ZARA Website Case Study,https://medium.com/@ansyfkh/ui-ux-portofolio-zara-website-dd7a783470e6,https://youtu.be/d0ncngxVsXo
1114B013è¬éœˆå¦,UX Case Study: Applying ChatGPT Experience to Conversational Banking,https://uxplanet.org/forbes-app-ui-ux-redesign-case-study-6c40b686ec6c,https://youtu.be/wrG9NEfSMUY
1114B014è”¡ç§‰è“‰,UI/UX Research- Spotify App,https://www.behance.net/gallery/197159257/UIUX-Research-Spotify-App,https://youtu.be/eac1Rx9yuH4
1114B017è©¹ä¾çœŸ,Case Study: Improving a Banking App with a UX Audit,https://medium.com/muzli-design-inspiration/case-study-improving-a-banking-app-with-a-ux-audit-41d1155468df,https://youtu.be/VVNhMDcShC8
1114B020 é™³æ±¶éˆº,UX Case Study: Turning a 100-Year-Old Bank into a Digital Innovator,https://medium.muz.li/ux-case-study-turning-a-100-year-old-bank-into-a-digital-innovator-5680a587e689,https://youtu.be/vGHpe_2sPG8
1114B021è”¡ä¼Šå©·,UI/UX Case study: Unlocking mental wellness: Zenlyâ€™s journey of seamless journaling and crisis support.,UI/UX Case study: Unlocking mental wellness: Zenlyâ€™s journey of seamless journaling and crisis support. | by Payalhora | Bootcamp | Medium,https://www.youtube.com/watch?v=U7erGDnSNLk
1114B022ç°¡ä½‘è‡»,The future of podcasting is here: Pocket Pod â€” A case study in AI design,https://medium.com/design-bootcamp/the-future-of-podcasting-is-here-pocket-pod-a-case-study-in-ai-design-7541061ddcc6,https://youtu.be/oPJlnhhpfp8?si=9FX6ZtjDdsCAEzC8
1114B023 é‚±èŠ·å„€,â€œReimagining Mobile Banking: A Case Study on the IOB App Redesignâ€,https://youtu.be/ruaitOBXN_U?si=G4vz-3JPso1obcBe,https://youtu.be/kOPI67m6A_s
1114B024ç‹å–¬æ¹˜,Netflix Case Study â€” Adding a Feature,https://medium.com/@stevanoreynerich.90210/netflix-case-study-adding-a-feature-691c44e7967f,https://youtu.be/usgvCdq_mwM
1114B025 å¤é¦¥ç‘„,Improving Search Experience inside the Glassdoor App â€”UX/UI Case Study,https://medium.com/design-bootcamp/improving-search-experience-on-glassdoor-job-search-app-ux-ui-case-study-4e13afd61214,https://youtu.be/ivvUjnnJx1k
1114B026æ—å®£æ¯“,UI/UX Case Study: Steezy App Redesign,https://medium.com/@xuannyngo/ui-ux-case-study-steezy-app-redesign-c3c745d46abb,https://youtu.be/1pnQvzE-aD8
1114B027è”¡å›å®œ,é‡æ–°å®šç¾©ç§»å‹•é«”é©—ï¼šICU åœ˜éšŠçš„ Bus+ App Redesign æ¢éšªæ•…äº‹,https://medium.com/as-a-product-designer/%E9%87%8D%E6%96%B0%E5%AE%9A%E7%BE%A9%E7%A7%BB%E5%8B%95%E9%AB%94%E9%A9%97-icu-%E5%9C%98%E9%9A%8A%E7%9A%84-bus-app-redesign-%E6%8E%A2%E9%9A%AA%E6%95%85%E4%BA%8B-acd3a63bd375,https://youtu.be/3_5PoTKMMsc?si=9XT_yG4y8uIV_91S
1114B029å‘‚è©©æ¶µ,Redesigning the Opay app â€” UI/UX case study,https://medium.com/@joykaribo1/redesigning-the-opay-app-ui-ux-case-study-1ae64594a8ff,https://youtu.be/eJOtkAMHEgc?si=9GkdA9eGw0Um8O4k
1114B030ç¾…ç´¹é½Š,Gmail UX Case Study: A Redesign to Enhance Usability and Accessibility,https://medium.com/@flordaniele/gmail-ux-case-study-a-redesign-to-enhance-usability-and-accessibility-8a0c3f4ca53b,https://youtu.be/2wzoKJIinLg
1114B032 é»ƒé‚¦å¦®,Designing for Patient Ease: Creating a Patient-First App for Anima Heatlh,https://medium.com/@shuklaisha107/designing-for-patient-ease-creating-a-patient-first-app-for-anima-health-ac2429044e72,https://www.youtube.com/watch?v=Ev72wcW6-9Q
1114B037ç‹åŸ¹é‘«,AI for UX Research: How Artificial Intelligence is Changing the Design Game,https://loop11.medium.com/ai-for-ux-research-how-artificial-intelligence-is-changing-the-design-game-99c03a86683d,https://www.youtube.com/watch?v=gZzDqcSJKKg
1114B038é™³éŸ‹å²‘,UI Experiments: Options for Recipe Cards in a Food App,https://blog.tubikstudio.com/ui-experiments-options-for-recipe-cards-in-a-food-app/,
1114B039æ±Ÿä½³éœ–,Case Study: Book my show App redesign ,https://medium.com/@sasi21here/case-study-book-my-show-app-redesign-4e4470156843,https://youtu.be/SPTayyl4dHQ
1114b040æ¸©å©·åª—,ç‚ºåœ–æ›¸é¤¨appé‡æ–°è¨­è¨ˆçš„å€Ÿé‚„æ›¸é«”é©—,https://medium.com/@minzxcv7/%E7%82%BA%E5%9C%96%E6%9B%B8%E9%A4%A8app%E9%87%8D%E6%96%B0%E8%A8%AD%E8%A8%88%E5%AE%8C%E5%96%84%E7%9A%84%E5%80%9F%E9%82%84%E6%9B%B8%E9%AB%94%E9%A9%97-e9ee43cbcb1e,https://youtu.be/8gy-x4NdyD0?si=M4-oEa7Vipeej5GM
1114B041å»–æµšæ³°,äººåŠ›éŠ€è¡Œappæ”¹ç‰ˆåˆ†æ,https://www.qartech.com/zh-Hant/work/10000410,https://youtu.be/4Ly4XWgALGc
1114B043å»–å®œç’‡,Create coupon offer system in the cart page of meesho,Create a coupon/offer system on the cart page of Meesho. | by Vrundar Patil | Bootcamp | Medium,https://youtu.be/PsoQLnJp5Xk
1114B047 å½­éˆºå‚‘,æœå‹™æ¥­æ«ƒæª¯äº’å‹•è¡ŒéŠ·çš„æ–°å¥‘æ©Ÿï½œB2Cè¡ŒéŠ·å¹³å°çš„UI/UXæ¡ˆä¾‹åˆ†æ,https://medium.com/wayne-hsu/æœå‹™æ¥­æ«ƒæª¯äº’å‹•è¡ŒéŠ·çš„æ–°å¥‘æ©Ÿ-b2cè¡ŒéŠ·å¹³å°çš„ui-uxæ¡ˆä¾‹åˆ†æ-a99128a941c4,https://youtu.be/ZyKDke2-3x8?si=TLlZzL1gZiRzVu9z
1114B049æ´ªç§‹æœˆ,Improving the search history of the Youtube app,https://medium.com/@jishnukartikeyan/improving-the-search-history-of-the-youtube-app-85debf19e1a0,https://youtu.be/8ErUgA2wGdc?si=s5dxC2nTpycHSkNb
1114b052éº¥ç¶½ç©,UI/UX Case Study: HR System,https://rizkdlinee.medium.com/ui-ux-case-study-hr-system-be9d186c63af,https://youtu.be/XCo_PTVg1FY
1114B053 é™³æ˜±çš“,æ¡ˆä¾‹ç·´ç¿’ï¼šæ”¹é€ é›»å½±è¨‚ç¥¨App,https://medium.com/@wen_design/%E6%A1%88%E4%BE%8B%E7%B7%B4%E7%BF%92-%E6%94%B9%E9%80%A0%E9%9B%BB%E5%BD%B1%E8%A8%82%E7%A5%A8app-f548d6e05921,
1123b001è”¡ä½‘æ…ˆ,Case Study: UI/UX Design for a Parcel Delivery App,https://medium.com/@irpan.maulana/case-study-ui-ux-design-for-a-parcel-delivery-app-6eeee4c9591e,https://youtu.be/RwhM6B9l6pI
1123b003æéƒéˆ´,UI/UX Case Study â€” Ezlaundry,https://medium.com/@fiqihfadillah15/ezlaundry-ui-ux-case-study-4c0600f16d3f,https://youtu.be/olqxPpxMRys
1123B004 å‘¨å®œè“,Case Study: Designing a genderless shopping experience (UX/UI e-commerce ),https://medium.com/design-bootcamp/designing-a-genderless-shopping-experience-a-ux-ui-e-commerce-case-study-7cf332ce1661,https://youtu.be/95x8hEha3lc?si=XGDeRPLtxgd0ny8s
1123B005ç¾…äº‘è»«,Reimagining Customer Support: My Journey Designing Exotelâ€™s AI Chatbot,https://medium.com/@workawayy/reimagining-customer-support-my-journey-designing-exotels-ai-chatbot-497d471e844c,https://youtu.be/ERAjMEPOwHo
1123B006æœ±æ‰¿æ©,UX Case Study: Subscription Management App,https://medium.com/@krisnawrdn/ux-case-study-subscription-management-app-9b352e596c7,https://youtu.be/OXAXpsFzw6U
1123b007è¬ä¿¡å®,Goodreads é‡æ–°è¨­è¨ˆï¼šè©•ä¼°è¡Œç‚ºçš„æ”¹è®Š,https://medium.com/anchis-design-stories/goodreads-%E9%87%8D%E6%96%B0%E8%A8%AD%E8%A8%88-%E8%A9%95%E4%BC%B0%E8%A1%8C%E7%82%BA%E7%9A%84%E6%94%B9%E8%AE%8A-5d72cf0265,https://youtu.be/XMKOwnGhyIY
1123B008æ—èŠ·å«º,AI in Logistics a quick UX and UI assignment,https://medium.com/design-bootcamp/ai-in-logistics-a-quick-ux-and-ui-assignment-ppt-file-47190cdfca59,https://youtu.be/G1jIFZZRC6M?si=reqWfqXsHAQhaDZQ(
1123B009é»ƒåƒèª,Case study: Library app redesign,https://medium.com/studentwork/ui-ux-case-study-ipusnas-library-app-redesign-2cde589bf309,https://youtu.be/-wWamDNcZqw
1123B010æ­ç­‘å¹³,Convenient Care Health Service App: UI/UX Case study,Convenient Care Health Service App: UI/UX Case study | by Shreesha Shrestha | Medium,https://youtu.be/d3EXL8VEDxc
1123B011éƒ­æ™¨å›,UX Case Study: TrekMate - A mobile experience for DIY trekkers,https://uxplanet.org/ux-case-study-trekmate-a-mobile-experience-for-diy-trekkers-5c1b76b51147,https://youtu.be/7kQ2kHdEGJU
1123B012å‘¨å­å–¬,Whatâ€™s Wrong with Apple Music â€” Is Spotifyâ€™s UX the Benchmark?,https://medium.com/@thedesigneuron/whats-wrong-with-apple-music-is-spotify-s-ux-the-benchmark-d2fea8ff8aa3,https://www.youtube.com/watch?v=Zg8l3LSChMU
1123b013è¬ä½©å„’,Voice UI vs. Touch UI: A Comparative Analysis â€” Which Interface is the Future?,https://medium.com/design-bootcamp/voice-ui-vs-touch-ui-a-comparative-analysis-which-interface-is-the-future-855826ea6e46,https://youtu.be/ZA_V9-ZwZ5Q?feature=shared
1123B014æ¹¯ç§€å‹¤,Goodreads Bookshelf Redesign,https://medium.com/@katesdarnell/goodreads-bookshelf-redesign-91b7eab38394,https://youtu.be/COxinxse1_k?si=-k2GcsSB33jOEp8I
1123B015 é»ƒç“Šèª¼,Transforming UX with Generative AI,https://medium.com/user-experience-design-1/transforming-ux-with-generative-ai-7b06ea329286,https://youtu.be/KtYVphvaYF0
1123B016 è©¹çµœé›…,Instagram X â€” UI/UX Redesign Case Study,https://medium.com/design-bootcamp/instagram-x-ux-ui-redesign-case-study-34091c9dcae1,https://youtu.be/uhBMCCxPzyA
1123B017 è¬ç‰çª,UX Case Study â€” Enhancing Steamâ€™s navigation to increase user retention,https://medium.com/design-bootcamp/enhancing-steams-navigation-to-increase-user-retention-product-design-case-study-72a165d9572f,https://youtu.be/ObIgVRmROno
1123B018è”¡å¿ƒå¦¤,Case Study: UX/UI Design & Development for Storiaverse,https://medium.muz.li/case-study-ux-ui-design-development-for-storiaverse-ec246cd9062e,https://youtu.be/i_vkIKLpEsM
1123b019å³æ€¡æ˜•,Restaurant Food Waste Management App Design â€” UI/UX Case Study,https://medium.com/design-bootcamp/restaurant-food-waste-management-app-design-ui-ux-case-study-4adb56d8e782,https://youtu.be/kzQ__g6kjRM
1123b020åŠ‰ä½³ç¿,Case study: The legend of Zelda: A link to the past UX/UI redesign,https://medium.com/design-bootcamp/case-study-the-legend-of-zelda-a-link-to-the-past-ux-ui-redesign-10195f0a775,https://youtu.be/Yg_EqAukLfo?si=vnI_5lpTRv-Tlb7VV
1123B021å¼µå‰è“,Preparing for Takeoff: a UX Exploration of Animal Crossing New Horizons,https://medium.com/design-bootcamp/a-ux-exploration-of-animal-crossing-new-horizons-e7e504ebe351,https://youtu.be/nDTl8W8mRVQ
1123B022è‘‰èŠ©,Intelly App Design & UX: Navigating Healthcare Solutions,https://abduzeedo.com/node/88324,https://youtu.be/QNPid87Fpjk?feature=shared
1123B023ç”˜æ˜€éœ,How Curiosity Gap UX Principle fuels Social Media Stories,https://medium.com/design-bootcamp/how-curiosity-gap-ux-principle-fuels-social-media-stories-9d9ac7382d3d,https://youtu.be/2SsE9mDy8t4?feature=shared
1123B024å¼µæ¹˜è±,Game UX Case Study: Elden Ring,Game UX Case Study: Elden Ring,https://youtu.be/0_Oieknn_iU
1123B025 å¼µèŠ·å¦,Case Study â€” Designing for People with Sensory Sensitivities,https://medium.com/@senaguvel/case-study-designing-for-people-with-sensory-sensitivities-18b30fc8d37b,https://youtu.be/ChZAnGDqW4g?si=GKN5TjQs_0q8CyNK
1123B026æå¿ƒé‡ª,The Barnum Effect in Product Management,https://medium.com/@arusharma/the-barnum-effect-in-product-management-9d59a4915048,https://youtu.be/siYUkuDmBWY
1123B027æ´ªç…œè»’,How to Save 85% Of Clicks in MuseScore For iOS [UX Redesign],https://medium.com/design-bootcamp/housify-web-and-mobile-app-re-design-hackathon-challenge-b34d8b2700a6,https://youtu.be/L16nHGqN83s
1123B028æ›¾é–ç·¯,Swimmers Divided! The UX Redesign That Sparked a Poolside War (But Ultimately Won),https://medium.com/@zinobelky/swimmers-divided-the-ux-redesign-that-sparked-a-poolside-war-but-ultimately-won-d2f7f841240e,https://youtu.be/ja5GmxkuRws
1123B029ç‹ç³ç‘„,Runrate UX Case Study: Financial Management Platform for Happiness,https://www.theuxda.com/blog/runrate-ux-case-study-financial-planning-platform-to-improve-financial-decisions,https://youtu.be/5KiwRxI0ppo
1123B030æ´ªç‘‹å½¤,UX Case Study â€” Tracking Office Shuttle without Bookings,https://medium.com/@isha-nadkarni/ux-case-study-tracking-office-shuttle-without-bookings-88b1146363bb,https://youtu.be/sTa3oYoTw_c?si=owDdyyYXXOgQluH2
1123B031æ²ˆæ¦†åº­,Agoda ä»‹é¢é‡æ–°è¨­è¨ˆ,https://medium.com/@1113b029/agoda-%E4%BB%8B%E9%9D%A2%E9%87%8D%E6%96%B0%E8%A8%AD%E8%A8%88-870be619aad8,https://youtu.be/xhQrG7cesy0
1123B033é»ƒè©©æ¶µ,WhatsApp Re-Design â€” UI/UX Case Study,https://medium.com/@nerissaarvnas30/whatsapp-re-design-ui-ux-case-study-3d44febe25,https://youtu.be/7B6yw0dxC7Q
1123B034æœ±æ™Ÿå½¥,Flip Memory Game - Mobile Game UI/UX Design Case Study,https://www.behance.net/gallery/174112073/Flip-Memory-Game-Mobile-Game-UIUX-Design-Case-Study#,https://youtu.be/xoSoPA2_jAw
2005jacob,åˆ†æã€ŒçŸ¥è­˜æ˜Ÿçƒã€å¦‚ä½•å¹«è¨­è¨ˆå¸«å¹´å…¥ç™¾è¬ï¼,https://www.uisdc.com/zsxq-operation,https://youtu.be/RV1rWl1-wrI
33ï½œç”¨æˆ¶æµ,Transforming Healthcare with MEDIC Doctor App: A Case Study,https://uxplanet.org/transforming-healthcare-with-medic-doctor-app-a-case-study-a2107024ec7,
57 | ç”¨æˆ¶æµ x æ•¸æ“šæµ,UX Case Study: Deceptive Design,https://medium.com/design-bootcamp/ux-case-study-deceptive-design-a28309b7ae34,
ä¸€å€‹é‚±ï½œç”¨æˆ¶æµ,How Uber Eats makes you think you want to order food,https://uxdesign.cc/how-uber-eats-makes-you-think-you-want-to-order-food-c943a9dbfb93,https://youtu.be/oQj895HtuA0
ä¸€é­š | ç”¨æˆ¶æµ,How to make Twitter a real super app without breaking its UX,https://medium.com/design-bootcamp/how-to-make-twitter-a-real-super-app-without-breaking-its-ux-e1ab41c98cf2,
å‰å‰ | ç”¨æˆ¶æµ,"The one-question surveys from Figma, LinkedIn & Google/ 3 examples of one-question surveys from Instagram, Pinterest & more","https://uxdesign.cc/the-one-question-surveys-from-figma-linkedin-google-fd16856691f6
https://uxdesign.cc/3-examples-of-one-question-surveys-from-instagram-pinterest-more-880f3973935a",
å°å°è‚šè‡ ( - ) | ç”¨æˆ¶æµÃ—æ•¸æ“šæµ,UX Case Study: User-Centric Design of the Cinescope Cinema Mobile App,https://medium.com/design-bootcamp/ux-case-study-cinescope-cinema-mobile-app-306d12f3fee9,https://youtu.be/xW-GHM1nGl0?si=-6PzVM_g-pXUpmjP
å°ç‹å­ | ç”¨æˆ¶æµ,E-learning app (LearnGate) 2024/9/27,https://www.behance.net/gallery/208974959/E-learning-app-(LearnGate)/modules/1187136173,https://drive.google.com/file/d/13blx-dg2nn_SjfkfSkIEg0QHR4ezPqqD/view?usp=sharing
å°ä¼Š|å•†æ¥­æµ x ç”¨æˆ¶æµ,Redesign Shopee App - Case UX/UI,https://www.behance.net/gallery/177483611/Redesign-Shopee-App-Case-UXUI?tracking_source=search_projects|ux+case+study+shopee&l=0,https://youtu.be/P6FPkl-YiiY
å°Pé†¬ï½œç”¨æˆ¶æµxå•†æ¥­æµ,"UX Research Case Study: Disney+ Hotstar 
","https://medium.com/@fariddept/ux-research-case-study-disney-hotstar-77908e55a371
",https://youtu.be/mvbOT0LpzTE
å°S,LINE App -UX Redesign,LINE App â€” UX Redesign - abby - Medium,
å±±è£¡ | ç”¨æˆ¶æµ x å•†æ¥­æµ,Elevating car selling experience for 4lakh+ users on CARS24 app,https://medium.com/@monikamaharana88/elevating-car-selling-experience-for-4lakh-users-on-cars24-app-c72a82598d49,https://youtu.be/4Z3hsvfx5zs
åŠ è²,Minimizing Food Waste: A UX Approach to Smart Kitchen Management,https://medium.com/@bhandarkarpari/minimizing-food-waste-a-ux-approach-to-smart-kitchen-management-0ade8301ee2a,https://youtu.be/YZXSBIaERlo
åŒ…é‡Œæ–¯ | ç”¨æˆ¶æµxæ•¸æ“šæµ,"Bad design is, apparently, hot",https://medium.com/user-experience-design-1/bad-design-is-apparently-hot-fc71c08d381c,https://www.youtube.com/watch?v=5tTlQBWsCjA&t=27s
å¤å¤| ç”¨æˆ¶æµ x æ•¸æ“šæµ,ç„æº–æ±‚è·è€…çš„éœ€æ±‚ã€ä½¿ç”¨è¡Œç‚ºåŠé«”é©—åƒ¹å€¼ï¼Œæˆå°±æ›´å¥½çš„æ±‚è·åª’åˆæœå‹™APP,äººåŠ›éŠ€è¡Œæ±‚è·Appæ”¹ç‰ˆï¼Œå°ˆæ¥­UX UIè¨­è¨ˆæå‡ä½¿ç”¨è€…ç¶“é©—,
å¥¶æ˜” | ä¸‰åˆ€æµ X ç”¨æˆ¶æµ,Case Study: Nova Post. UI Design and 3D for Interactive Christmas Advent Calendar,https://tubikstudio.medium.com/case-study-nova-post-ui-design-and-3d-for-interactive-christmas-advent-calendar-cc24776edea7,https://youtu.be/M-8C3dV1ydo
ç”Ÿé£Ÿ | ç”¨æˆ¶æµxå•†æ¥­æµ,Improving Agoda's hotel booking experience â€” UX/UI Case Study,https://medium.com/design-bootcamp/improving-agodas-hotel-booking-experience-ux-ui-case-study-9e8df251dbd0,https://youtu.be/4bFDawBZ6R0
ç™½ç™½ | ä¸‰åˆ€æµ X ç”¨æˆ¶æµ,Travel App UX case study,https://www.behance.net/gallery/183329297/Travel-App-UX-case-study?tracking_source=search_projects|UX+case&l=1,https://youtu.be/5-3MJV8BWaQ
å¦„ | ç”¨æˆ¶æµ x æ•¸æ“šæµ,Case Study: Creating a User-Centric Travel Planning Website â€” Part 5,https://medium.com/@lilia.mahmoudy7/case-study-creating-a-user-centric-travel-planning-website-part-5-825ab2b20948,https://youtu.be/nKbzCoKmumA?si=epF5bfg95SSuLzgN
æ±Ÿæ±Ÿ,Case Study: Redesign Uniqlo App,https://medium.com/@janeyong2011/case-study-redesign-uniqlo-app-a69ead15380e,
æ±Ÿè–‘ï½œç”¨æˆ¶æµ x å•†æ¥­æµ,Enhancing Paytmâ€™s User Experience: A Case Study from Clutter to Clarity,https://medium.com/@srijies492/enhancing-paytms-user-experience-a-case-study-from-clutter-to-clarity-ae6c2f5f5118,https://youtu.be/KbCV8OMduTo
ç±³ç‰¹| ç”¨æˆ¶æµ X å•†æ¥­æµ,UI/UX Case Study: AI-basis CV Builder,https://medium.com/@ilhamsatiyaw/ui-ux-case-study-ai-basis-cv-builder-ab2bea7b4fa9,https://www.youtube.com/watch?v=VPQNTROmMck
åˆå¿ƒï½œç”¨æˆ¶æµxæ•¸æ“šæµ,From Insight to a Better World: Ubieâ€™s Journey in Patient-Centric Healthcare,https://medium.com/@smurakoshi/from-insight-to-a-better-world-ubies-journey-in-patient-centric-healthcare-9b8e29b535c7,
æœå°æœˆ,Zurina Ketola E-Commerce redesign: UX-UI Case Study.,https://medium.com/@UxNicoleUi/zurina-ketola-e-commerce-redesign-ux-ui-case-study-9ac91cbd7ae8,https://youtu.be/pux-4kslOYA
è¾›è¾›å­¸å­ğŸ’¦,Case study: Redesigning the Weverse app (BTS Experience),https://medium.com/@inklings_irises/case-study-redesigning-the-weverse-app-bts-experience-ba45fa2935db,
ä¾æ¯”é´¨é´¨ | ç”¨æˆ¶æµ x å•†æ¥­æµ,UX Case Study: PetzMates,https://www.behance.net/gallery/199533435/PetzMates_UX_CaseStudy?tracking_source=search_projects_appreciations|UX+Case+study+&l=8,
å‘£åš• | ç”¨æˆ¶æµ,Threads â€” UX Case Study,https://medium.com/@amiyachaturvedi/threads-ux-case-study-part-1-ux-review-6cd3e85cf7f8,
è‚¥è‚¥-ç”¨æˆ¶æµxå•†æ¥­æµ,UI Design Case Study: Krispy Kreme App,https://medium.com/design-bootcamp/ui-case-study-krispy-kreme-app-c0d84007cdc2,https://youtu.be/CiVW4Fsh1Cg
é˜¿ç¦¾|ç”¨æˆ¶æµXæ•¸æ“šæµ,Daraz App Redesign â€” UX/UI Case Study,https://medium.com/@yashalmoazzam22/daraz-app-redesign-452bcc853d07,
é˜¿å®|ç”¨æˆ¶æµXæ•¸æ“šæµ,å°éµeè¨‚é€š Official ticket booking app redesign,https://www.behance.net/gallery/194346399/e-Official-ticket-booking-app-redesign?tracking_source=search_projects%7Cui%2Fux,https://www.youtube.com/watch?v=ZDd4Tkmm2YU
é˜¿ã„ | ç”¨æˆ¶æµXæ•¸æ“šæµ,"OK Google, Itâ€™s Time for a Change! â€“ Google Driveâ€™s Web App Redesign ",https://www.netguru.com/blog/google-drive-redesign,https://www.youtube.com/watch?v=D1LPHVaG0jU
é˜¿YUâˆ£ ç”¨æˆ¶æµxæ•¸æ“šæµ,UX Case Study â€” Revamp Shopee Checkout Journey and Checkout Interface,https://medium.com/@stevanoreynerich.90210/ux-case-study-revamp-shopee-checkout-journey-and-checkout-interface-8dcb4054bee3,https://youtu.be/Ml4kppo0Da4
é›¨å¾Œå½©è™¹| ç”¨æˆ¶æµxå•†æ¥­æµxæ•¸æ“šæµ,Go Beyond | Travel Agency App | Case Study,https://www.behance.net/gallery/203069815/Go-Beyond-Travel-Agency-App-Case-Study?tracking_source=search_projects|Go+Beyond+|+Travel+Agency+App+|+Case+Study&l=0,https://youtu.be/iyW4sdCPgiM
é’è±† | ç”¨æˆ¶æµxå•†æ¥­æµ,Improving LinkedInâ€™s Job Recommendation System: A UX Research Journey,https://medium.com/@yosefbambangrio/improving-linkedins-job-recommendation-system-a-ux-research-journey-45bf5ee71cc5,https://www.youtube.com/watch?v=R_Nru71ZcLI
ä¿—è¾£ç‹—ç‹—,UI/UX Case Study : Healthy Living in the Digital Era,https://medium.com/@shafirasalsabilaputri1/ui-ux-case-study-healthy-living-in-the-digital-era-6c2d21a0bc87,https://youtu.be/2XUiczAqbzg
æŸšå­ï½œä¸‰åˆ€æµxæ•¸æ“šæµ,,,
æŸšèŒ—ï½œå•†æ¥­æµxæ•¸æ“šæµ,UI/UX Case Study: Designing a gamified app to help users manage screen time,https://medium.com/design-bootcamp/ui-ux-case-study-designing-a-gamified-app-to-help-users-manage-screen-time-f384bc467ceb,https://youtu.be/76h1gCxncvM
ç§‹è‘‰ | ç”¨æˆ¶æµXå•†æ¥­æµ,FinTrack â€” A UX/UI Case Study.,https://medium.com/@soadepoju2021/fintrack-a-ux-ui-case-study-4aa6ccf09907,https://youtu.be/3PhJORzQKKQ
è¶´äº†å€‹å™—ğŸ’¨ï½œç”¨æˆ¶æµxå•†æ¥­æµ,Spotify Redesign â€” UI/UX Case Study,https://medium.com/@saravanaraj23.9.97/spotify-redesign-ui-ux-case-study-116c15d52c85,
ä¿®ç­†äºï½œç”¨æˆ¶æµxå•†æ¥­æµ,"Designing a Seamless Signup Flow for Axio, a Green Ride-Share App",https://medium.com/design-bootcamp/designing-a-seamless-signup-flow-for-axio-a-green-ride-share-app-011d3cc45bba,https://youtu.be/CRfAXhfeMmg
æµ·ç‹—å‹¾ | ç”¨æˆ¶æµ x æ”¾æ°´æµ,Zicaï¼šå°ˆç‚ºä¾†å°ç•™å­¸ç”Ÿè¨­è¨ˆçš„äº’å‹•ä¸­æ–‡è­˜å­—æ•™æ,https://hsiehchengyi.com/work/zica/,
åŸ¹åŸ¹ | ç”¨æˆ¶æµ x å•†æ¥­æµ,UI/UX Case Study: Just Run (Running App),https://medium.com/@yte250300/ui-ux-case-study-just-run-running-app-fc4c472737d8,https://youtu.be/v5ElBO7b7TQ 
æ›¼,"""EngliCoach"" UX/UI Case Study on Language Learning App",https://www.behance.net/gallery/164629623/EngliCoach-UXUI-Case-Study-on-Language-Learning-App,
VivianWuï½œç”¨æˆ¶æµ x å•†æ¥­æµ,"Weverse, Global Kpop Community Platform",https://www.rachelkimy.com/weverse,https://youtu.be/x3_M1q1JKiY?si=sD_C9hGyRkgki1UT
è¨±å°å¸Œ | ç”¨æˆ¶æµ x æ•¸æ“šæµ,UX Case Study: futu moomoo app redesign based on data,https://news.qq.com/rain/a/20240307A01ZA000,https://www.youtube.com/watch?v=jN6sQwVfwTk
é™³å°å•¾|UX.ä¸‰åˆ€æµ,Why are cars getting bigger and bigger?,https://uxdesign.cc/why-are-cars-getting-bigger-and-bigger-be6eee1a2a07,https://youtu.be/1Bb1AF5l9BA
é™³å¿ƒï½œå•†æ¥­æµxæ•¸æ“šæµ,Floâ€™s Empathetic Design Hacks: Crafting Data-Driven Experiences for Female Health Apps,https://raw.studio/blog/flos-empathetic-design-hacks-crafting-data-driven-experiences-for-female-health-apps/,
é™³è¹¦,Talk Ai: Ai Powered app | Case Study,https://www.behance.net/gallery/180130105/Talk-Ai-Ai-Powered-app-Case-Study,
"Chi,Yaling| ç”¨æˆ¶æµ ",ZOE Health: Skip the hefty price tag and even heftier life admin; Iâ€™ve done it for you.,https://medium.com/etc-health-research-design/zoe-health-skip-the-hefty-price-tag-and-even-heftier-life-admin-ive-done-it-for-you-0084c89451ee,https://youtu.be/FALO1C6g2j4
åœæ£‹ | ç”¨æˆ¶æµ,Solving everyday recipe dilemmas for users â€” A UI/UX case study,https://medium.com/@singhanjali201716/solving-everyday-recipe-dilemmas-for-users-a-ui-ux-case-study-27ca1e5e9f18,https://youtu.be/bpbbHR-zIpA
å°‹éº»ç–¹ ï½œ ç”¨æˆ¶æµ,åœè»Šå ´ç¹³è²»æ©Ÿ,https://docs.google.com/presentation/d/15x5jloMbEf829qou2e-lfwvYRY-MR1h8/edit?usp=sharing&ouid=103174718265664321431&rtpof=true&sd=true,
ç„¶ä¾†äº† | ç”¨æˆ¶æµ x å•†æ¥­æµ,Musa App UI UX Case Study,,
é™½å…‰ | ç”¨æˆ¶æµ,UI/UX Case Study : Increase Work Productivity and Efficiency by Implementing E-Office Applications,https://medium.com/design-bootcamp/ui-ux-case-study-increase-work-productivity-and-efficiency-by-implementing-e-office-applications-ad5ebef9a72f,
å—¨å›‰ï½œç”¨æˆ¶æµ âœ• å•†æ¥­æµ,Messaging Application â€” UI/UX Case Study: LINE App Redesign,https://medium.com/@nerissaarvnas30/messaging-application-ui-ux-case-study-line-app-redesign-1aa2ddaed848,
æ§æ§ï½œç”¨æˆ¶æµ x å•†æ¥­æµ,Splitwise Case Study,https://medium.com/@Praveenkumar.D/splitwise-case-study-a6c663005b91,https://youtu.be/Gmr5GBm7BQ8
èŸ²èŸ² | ç”¨æˆ¶æµ x å•†æ¥­æµ,Case Study: Thuraa website for Local Artist and Designer Marketplace,https://medium.com/@jumana21152/case-study-thuraa-website-for-local-artist-and-designer-marketplace-23275be5b4ec,https://youtu.be/17gNUTkFpPQ
è˜‡ï½œç”¨æˆ¶æµ âœ• å•†æ¥­æµ,6 UX examples Airbnb got just right!,"6 UX examples Airbnb got just right! | by Yash Agarwal | Oct, 2024 | Medium",https://youtu.be/WqnB1AwpQNo
Aivy | å•†æ¥­æµxæ•¸æ“šæµ,The UX of Invisible AI: What Autonomous Agents Show Us About the Future of Interaction,https://medium.com/@jaybellew/the-ux-of-invisible-ai-what-autonomous-agents-show-us-about-the-future-of-interaction-01e395ceb877,https://youtu.be/XVx4z9LZnkU?si=CXR8NnJIXkGi10bi
Alice-cï½œç”¨æˆ¶æµxæ•¸æ“šæµ,Simplifying commuter experience for Mumbaiâ€™s local and metro trains â€” a product design case study,https://medium.com/design-bootcamp/simplifying-commuter-experience-for-mumbais-local-and-metro-trains-a-product-design-case-study-c0db6d6b29ad,https://youtu.be/s6ukybGhDn0
Ammmy | ç”¨æˆ¶æµÃ—æ•¸æ“šæµ,Creating a dynamic itinerary planner for Mandai Zoo Singapore,https://medium.com/@nicktanks88/creating-a-dynamic-itinerary-planner-for-mandai-zoo-singapore-10dd0a7310ca,https://youtu.be/M1fvXdWjgY4
Angieï½œç”¨æˆ¶æµ x å•†æ¥­æµ,How to reduce switching costs: a case study of Gmailâ€™s competitor â€” Proton Mail,https://medium.com/design-bootcamp/how-to-reduce-customer-switching-costs-a-case-study-of-gmails-competitor-proton-mail-980e9a975975,
Anmiya | ç”¨æˆ¶æµ x å•†æ¥­æµ,Design Principles at Jupiter,https://life.jupiter.money/design-principles-at-jupiter-f783457c976d,https://youtu.be/jImAEWQeagY
AnnieLuï½œç”¨æˆ¶æµxå•†æ¥­æµ,Case Study: Ui/Ux Of A Successful E-Commerce Site,https://ericbieller.com/case-study-ui-ux-of-a-successful-e-commerce-site/,https://www.youtube.com/watch?v=_cf0ifkBjaU
AnnieYeh|å•†æ¥­æµ,æœ‰é—œä»‹é¢è¨­è¨ˆçš„é‚£äº›UXäº‹ - é¸èª²ç³»çµ±ç¯‡(æµç¨‹ç°¡åŒ–),https://bunnyplaygg.medium.com/%E7%94%A8%E4%B8%8D%E5%90%8C%E8%A7%92%E5%BA%A6%E4%BE%86%E7%9C%8B%E9%82%A3%E4%BA%9Bux%E4%BA%8B-%E9%81%B8%E8%AA%B2%E7%B3%BB%E7%B5%B1%E7%AF%87-%E5%89%8D%E8%A8%80-819fc6242c74,https://youtu.be/ovXbEUCMlYM
AppleBluecat|ç”¨æˆ¶æµxæ•¸æ“šæµ,When a cheap deal ends up costing double: UX lessons from the Ryanair app,https://uxdesign.cc/when-a-cheap-deal-ends-up-costing-double-ux-lessons-from-the-ryanair-app-fbf495dbb2c2,
Ariel Yoyo |ç”¨æˆ¶æµxæ•¸æ“šæµ,Unlocking User Satisfaction: The Critical Role of Personalization in Recommender Systems,https://medium.com/@rghuman/unlocking-user-satisfaction-the-critical-role-of-personalization-in-recommender-systems-bf03f8c7834d,
Aromaï½œç”¨æˆ¶æµ x å•†æ¥­æµ,Cinefy: A Seat Reservation App for a movie theatre â€” Case Study,https://medium.com/@adritaroy_ux/cinefy-a-seat-reservation-app-for-a-movie-theatre-case-study-260f90d77094,
asha ï½œç”¨æˆ¶æµ ,Redesigning Spotify!,https://medium.com/design-bootcamp/redesigning-spotify-a0de11c6fba,https://youtu.be/9pMCG2V9w9o
Astonï½œç”¨æˆ¶æµ,Cattunity: The Ultimate Pet Care App,https://medium.com/@alzahraniroaa11/cattunity-the-ultimate-pet-care-app-a53c3e90e96d,https://youtu.be/JBC5wuMGH18
Aura | ç”¨æˆ¶æµ,UX Case Study: A Walk with Dinosaurs â€” An AR Museum Experience,https://medium.com/@yutigandhi765/ux-case-study-a-walk-with-dinosaurs-an-ar-museum-experience-527c66b4e17f,https://youtu.be/q71LHUrRdOs
Beauty | ç”¨æˆ¶æµ x å•†æ¥­æµ,Kids eLearning App | EdTech Mobile app UI UX Design,https://www.behance.net/gallery/160769627/Schoolie-AR-The-Smart-AR-Learning-App?tracking_source=for_you_logged_in_feed_published,https://youtu.be/m9ZWjOPWlLw
Beckyï½œå•†æ¥­æµ X æ•¸æ“šæµ,Importance of Sticky header in e-commerce,https://ashsharifi.medium.com/importance-of-sticky-header-in-e-commerce-7663923ac0ae,
Bill Fu | ä¸‰åˆ€æµ,55688é€Ÿä¾†æ”¯æŒï¼è¨ˆç¨‹è»Šå“ç‰Œè€å¤§å“¥çš„å‰µæ–°å‡ºç™¼,https://studiopros.medium.com/55688-%E9%80%9F%E4%BE%86%E6%94%AF%E6%8F%B4-%E8%A8%88%E7%A8%8B%E8%BB%8A%E5%93%81%E7%89%8C%E8%80%81%E5%A4%A7%E5%93%A5%E7%9A%84%E5%89%B5%E6%96%B0%E5%87%BA%E7%99%BC-fe36b14906ea,
BlueCatï½œç”¨æˆ¶æµ,Design Principles for Generative AI Applications,https://medium.com/design-ibm/design-principles-for-generative-ai-applications-791d00529d6f,
Bluemoonï½œç”¨æˆ¶æµ,UX Case Study: Improving Consulting Services for a Shoes Care Brand,https://medium.com/@rifqiwanabi/ux-case-study-improving-consulting-services-for-a-shoes-care-brand-378a7d6b4b8d,https://youtu.be/jtp6yIokdfs
Booooo | ç”¨æˆ¶æµ,ç‹åœ‹ä¹‹æ·šç™¼å”®å‰çš„æŒ‘æˆ°ï¼è–©çˆ¾é”å‚³èªªæ› é‡ä¹‹æ¯æ–™ç†ç³»çµ±UX Redesign,https://medium.com/that-game-designer/%E7%8E%8B%E5%9C%8B%E4%B9%8B%E6%B7%9A%E7%99%BC%E5%94%AE%E5%89%8D%E7%9A%84%E6%8C%91%E6%88%B0-%E8%96%A9%E7%88%BE%E9%81%94%E5%82%B3%E8%AA%AA%E6%9B%A0%E9%87%8E%E4%B9%8B%E6%81%AF%E6%96%99%E7%90%86%E7%B3%BB%E7%B5%B1ux-redesign-64a5cff0fddb,https://youtu.be/0GZCo0ln2Gs
BY,SpeakSpark language learning app [UI UX case study],https://www.behance.net/gallery/212506167/SpeakSpark-language-learning-app-UI-UX-case-study?tracking_source=search_projects_published_date|ux+case+study&l=4,
Canbo | ç”¨æˆ¶æµ X å•†æ¥­æµ,UX Case study of Mediminder â€” Never miss your pill again,https://medium.com/@amitgiribiki/mediminder-never-miss-your-pill-again-a1912ee0ba06,https://youtu.be/vawtJSblvm0
Casai | ç”¨æˆ¶æµ X æ•¸æ“šæµ,"AMTRAK, App Redesign â€” UXUI Case Study, User Journey Map",https://medium.com/@dawoon.crystal/amtrak-app-redesign-uxui-case-study-6b5520bdbc6a,https://youtu.be/m5k2amC3eEY
Catherine | ç”¨æˆ¶æµ X å•†æ¥­æµ,A-Wa GojÅ«on App,https://www.enyayang.com/en/awa-app,https://youtu.be/vs9ga_2tINU
cclaire | ç”¨æˆ¶æµ+å•†æ¥­æµ,How To Improve UX In Legacy Systems,https://www.linkedin.com/pulse/how-improve-ux-legacy-systems-vitaly-friedman-wux5e/,
CCYA | å•†æ¥­æµ xæ•¸æ“šæµ,Reduced time taken by developers in discovering new content and finding team resources(POSTMAN),https://www.yashshenai.com/postman-search,https://youtu.be/UkI_UvX2Mzw
Cherie ï½œç”¨æˆ¶æµ x å•†æ¥­æµ,UX Case Study â€” Shopee Redesign,https://dellaclarissa.medium.com/ux-case-study-shopee-redesign-part-1-3-fcea66fb9b49,https://youtu.be/HmJnRXNd9eU
Cheryl H. | ç”¨æˆ¶æµ x å•†æ¥­æµ,Mental Models: Key to Inclusive Transit Apps,https://medium.com/ux-planet/mental-models-key-to-inclusive-transit-apps-c48857649b29,https://youtu.be/dConSfJjaDY?si=JGujlQ-hNTZUSSsO
Chi Huang ï½œå•†æ¥­æµ x ç”¨æˆ¶æµ,â€œRumbo å¥èº«â€ APPé–‹ç™¼ç¶“é©—,https://kkia.medium.com/rumbo-%E5%81%A5%E8%BA%AB-app%E9%96%8B%E7%99%BC%E7%B6%93%E9%A9%97%E5%88%86%E4%BA%AB-56c787127d28,https://www.youtube.com/watch?v=6S-5jR6bvfM
Chi| ç”¨æˆ¶æµxå•†æ¥­æµ,How I helped small scale farmers on improving their digital literacy and yields,https://medium.com/design-bootcamp/how-i-helped-105-millions-of-small-scale-farmers-on-improving-their-digit-de8d461d50ea,https://www.youtube.com/watch?v=XQHPHGXIEA8
chieh_ | ç”¨æˆ¶æµ x æ•¸æ“šæµ,Improving the Recruiter and Applicant Experience on LinkedIn: A Case Study,Improving the Recruiter and Applicant Experience on LinkedIn: A Case Study,
chou Chun | æ•¸æ“šæµ å•†æ¥­æµ,Case Study â€” Language Learning App,https://medium.com/ux-planet/the-ux-design-case-study-that-got-me-hired-c85522cab4ae,
chuchi | æ•¸æ“šæµ x ç”¨æˆ¶æµ,ç©çš„å¥½Â·ä¼šæ€è€ƒ UX/UI Design,https://www.zcool.com.cn/work/ZNjc2NDAxMDA=.html,https://youtu.be/l9JWzuB10qk
chuchuå•†æ¥­æµ/ç”¨æˆ¶æµ,A Dating App: a UX/ UI Case Study,https://medium.com/@christopherpeterson/case-study-a-dating-app-e5649d247131,https://www.canva.com/design/DAGaqG_gJNI/gjq7xyuFDlKg2hDq3UJe4Q/view?utm_content=DAGaqG_gJNI&utm_campaign=designshare&utm_medium=link&utm_source=recording_view
cici | ä¸‰åˆ€æµ,Android Private space,https://www.dousanmiao.com/private-space,https://youtu.be/kSdGQAGQrl0
Cindy C | ç”¨æˆ¶æµ x å•†æ¥­æµ,Pinterest UI/UX Case Study,https://www.behance.net/gallery/108412481/Pinterest-UIUX-Case-Study?tracking_source=search_projects%7Credesign+case+study,æœŸä¸­å ±å‘Š
Clareï½œç”¨æˆ¶æµxå•†æ¥­æµ,UI/UX Case Study: A POS Restaurant App for Efficient Order Management,https://medium.com/@aziemelasari/ui-ux-case-study-a-pos-restaurant-app-for-efficient-order-management-2044b5151926,https://youtu.be/SsapwXx-mDU
Coca_Lin| ç”¨æˆ¶æµ x å•†æ¥­æµ,UI/UX Case Study: TasteTrack (A food recipe app),https://medium.com/@rachitarayalu2000/ui-ux-case-study-tastetrack-a-food-recipe-app-53e2bbf8de4f,https://youtu.be/hzk5wt8TEZs?si=Ui7h4pkQ76dPjHXF
Coffee ï½œå•†æ¥­æµxæ•¸æ“šæµ,UX/UI Case Study â€” Improving Eva airâ€™s Online Flight Booking Experience,https://medium.com/@yunshengho/ux-ui-case-study-improving-eva-airs-online-flight-booking-experience-part-i-b4071475a4b5,
Coralï½œç”¨æˆ¶æµ x å•†æ¥­æµ,Case study: Revamping the bus ticket booking experience; leading to 17% increase in CR,https://medium.com/design-bootcamp/revamping-the-bus-ticket-booking-experience-for-redbus-indonesia-leading-to-17-increase-in-cr-68d1586734c4,
DDDD | ç”¨æˆ¶æµ x å•†æ¥­æµ,Introducing Z-Shorts: Zomatoâ€™s Fresh Approach to Transform Food Discovery,https://medium.com/design-bootcamp/introducing-z-shorts-zomatos-fresh-approach-to-transform-food-discovery-133c4f128895,https://youtu.be/lL8OHfxnbPE
Debby | æ•¸æ“šæµ X å•†æ¥­æµ,How Airbnb Became a Leader in UX Design,https://blog.prototypr.io/how-airbnb-became-a-leader-in-ux-design-7d8ab8ad803e,
Deron | ç”¨æˆ¶æµ x æ•¸æ“šæµ,Emirates NBD Case Study: Driving ROI with Strategic UX in Middle East Banking,https://theuxda.com/blog/emirates-nbd-case-study-driving-roi-with-strategic-ux-in-middle-east-banking,
Donna | ç”¨æˆ¶æµ x å•†æ¥­æµ,Design for Learning Apps â€” UX Research and Case Study on Duolingo,https://t-i-show.medium.com/design-for-learning-apps-ux-research-and-case-study-on-duolingo-1800d33744c9,
Dooora | ç”¨æˆ¶æµ x å•†æ¥­æµ,UX Case Study: Bookstore Responsive Website Redesign,https://uxdesign.cc/ux-case-study-bookstore-responsive-website-redesign-195d15fe83c1,https://youtu.be/JoG8W2-WgfM
Doris | ç”¨æˆ¶æµxå•†æ¥­æµ,UI/UX Case Study: Banking Super App Design to Modernize Mauritius,https://uxplanet.org/ui-ux-case-study-banking-super-app-design-to-modernize-mauritius-d08f47c392b,
EE | UX.ä¸‰åˆ€æµ,Case study UX/UI â€” Tokyo Subway Navigation App Redesign,https://medium.com/@maria.dabek92/case-study-ux-ui-tokyo-subway-navigation-app-redesign-ae77a234e39e,
ER | ç”¨æˆ¶æµ,Case Study: Designing a Tailored Investment UX for Opposite Users,https://uxplanet.org/designing-a-tailored-investment-ux-for-opposite-users-58379bf805dd,https://youtu.be/TA6SeHRc87A
ErinHuang | å•†æ¥­æµ x æ•¸æ“šæµ,"Case study : Treat your mental health, Clarymind APP",,
Esther | å•†æ¥­æµxæ•¸æ“šæµ,Case study â€” Athani Artisans Footwear App,https://medium.com/@santoshsonnad01/case-study-athani-artisans-footwear-app-bf0affd52013,
Evelyn Huang | ç”¨æˆ¶æµxæ•¸æ“šæµ,Mindfree: A UX/UI Case Study on Mental Health,https://medium.com/@syedjawada/mindfree-a-ux-ui-case-study-on-mental-health-5680e43fba38,https://youtu.be/vUEYnBVEiBI
Evon | ç”¨æˆ¶æµ,UI/UX Case Study: Designing the Telemedicine App â€œQuickMediâ€,https://medium.com/@shipratrivedi1998/quickmedi-ui-ux-case-study-7e31767d212b,https://youtu.be/335zJth47LA
Fen Kaoï½œç”¨æˆ¶æµ Ã— å•†æ¥­æµ,é ç´„è—å£½å¸æ€éº¼é‚£éº¼ç…©ï¼E æ’å®¢ App Redesign,https://medium.com/jaba-chia/%E9%A0%90%E7%B4%84%E8%97%8F%E5%A3%BD%E5%8F%B8%E6%80%8E%E9%BA%BC%E9%82%A3%E9%BA%BC%E7%85%A9-e-%E6%8E%92%E5%AE%A2-app-redesign-484792ec7605,
Gigi |  ç”¨æˆ¶æµ x å•†æ¥­æµ,Splitting Expenses Made Easy with FunSplit â€” A UI UX Case Study,https://medium.com/@khushigupta250102/splitting-expenses-made-easy-with-funsplit-a-ui-ux-case-study-84b76c98d631,https://youtu.be/XTZc5m8FIa0?si=mnSmZqFIUOoKUPSE
Grace YH | ç”¨æˆ¶æµ x æ•¸æ“šæµ,Riding the UX Wave: A Bike-Sharing App Makeover Story,https://medium.com/@abhishek.18.ap/riding-the-ux-wave-a-bike-sharing-app-makeover-story-615f701de460,https://youtu.be/LRJUyaTynsg
Griffin,Being a paid military soldierâ€” a UX Case Study,https://medium.com/ux-planet/being-a-paid-military-soldier-a-ux-case-study-74ffd98ba0b6,https://youtu.be/TmW5JF55ENQ
Han | ç”¨æˆ¶æµxå•†æ¥­æµ,æˆ‘å€‘ç²å‹äº†ï¼æŠŠ Side Project åšå‡ºäº®é»çš„ã€Œç¬¨æ–¹æ³•ã€,https://medium.com/as-a-product-designer/%E6%88%91%E5%80%91%E7%8D%B2%E5%8B%9D%E4%BA%86-%E6%8A%8A-side-project-%E5%81%9A%E5%87%BA%E4%BA%AE%E9%BB%9E%E7%9A%84-%E7%AC%A8%E6%96%B9%E6%B3%95-b68420a52dec, 
Harpï½œç”¨æˆ¶æµ Ã— æ•¸æ“šæµ,"Enhancing Dropbox with New Features and Improvements, A UI/UX Case study",https://medium.com/@hello.akshaykumartp/enhancing-dropbox-with-new-features-and-improvements-67d9237172ed,
Hazel |ç”¨æˆ¶æµ x å•†æ¥­æµ,From Confusion to Clarity: Redesigning the Anima Patient App for seamless user experience,https://medium.com/design-bootcamp/from-confusion-to-clarity-redesgning-the-anima-patient-app-for-seamless-user-experience-53ce99f79a0b,https://youtu.be/wHUJl2ed5cQ?si=NcKS4xFSifVraTuM
Hazel$$ | æ•¸æ“šæµ x ç”¨æˆ¶æµ ,UIUX Case Study â€” How We Help Indonesian People Get Digital Health Consultation With AlteaCare (Chat Consultation),https://medium.com/@syarifahmed/uiux-case-study-alteacare-help-people-consultation-with-doctor-via-chat-e4e78681baf1,https://youtu.be/ghfsR0sXv_k
Hei,Houzz: A UX Case Study,https://marvelapp.com/blog/houzz-ux-case-study/,https://youtu.be/oXwbDcgKYRE
HFï½œç”¨æˆ¶æµ ,Netflix UX Research Case study,https://www.behance.net/gallery/201510529/Netflix-UX-Research-Case-study?tracking_source=search_projects_appreciations|UX+Redesign&l=27,
HH. | ç”¨æˆ¶æµ,Case Study UX: Amazon Prime Music Redesign Sleep Timer Flow,https://medium.com/@pavanuiux/case-study-ux-amazon-prime-music-redesign-sleep-timer-flow-6f04cd3187d1,https://www.youtube.com/watch?v=0Ru3OVxMeLw&ab_channel=H
hsuan,Automating Gym Rent Reminders via WhatsApp: A Case Study,https://medium.com/@faisalabdurahimantk/automating-gym-rent-reminders-via-whatsapp-a-case-study-bc14e0d04164,https://youtu.be/v9YI-brUoio?si=YG9-C4sQ2YRZl83T
Hsuanï½œç”¨æˆ¶æµxæ•¸æ“šæµ,Menstrual Education App â€” The Grand Book: UX/UI Case study,https://medium.com/@gingertsilva/menstrual-education-app-the-grand-book-ux-ui-case-study-daad9a649930,
"Hua, Doris | ç”¨æˆ¶æµ x æ•¸æ“šæµ",Case Study: Redesigning Jonkersâ€™ Website,https://medium.com/@KatherineCory/case-study-redesigning-jonkers-website-90126e90c1d3,https://youtu.be/EgflARhXPqo
Ina | ç”¨æˆ¶æµ x å•†æ¥­æµ,Eatcue App:Happy decisions for your wallet and food(2023),https://www.cofolios.com/casestudy/eatcue-app,NN | ç”¨æˆ¶æµXå•†æ¥­æµ
Inesï½œç”¨æˆ¶æµ,"Case Study: Product Design is overtaking UX, and itâ€™s because weâ€™re in a weak economy",https://reurl.cc/bYpdAd,
Irene | ç”¨æˆ¶æµ x å•†æ¥­æµ,Case Study: A UX Strategy to Improve Recruitment Usability,https://medium.com/design-bootcamp/case-study-a-ux-strategy-to-improve-recruitment-usability-5859d40e90fa,https://youtu.be/oT0dZQ0KPmg
Iris | å•†æ¥­æµxæ•¸æ“šæµ,A UI/UX Case Study on Redesign of the Foodpanda App,https://medium.com/@dlty2012/a-ui-ux-case-study-on-redesign-of-the-foodpanda-app-73008331d771,https://youtube.com/live/ljJcJRjxgcQ
J  |  ç”¨æˆ¶æµ x å•†æ¥­æµ,UX CASE STUDY- A JOB SEARCH PLATFORM,https://medium.com/@tinaonamusi/ux-case-study-a-job-search-platform-15de97323f7e,https://youtu.be/ppAt6q4gnfU
Jamie |ç”¨æˆ¶æµ x å•†æ¥­æµ,PetPawket â€” All pet services in your pocket ,https://medium.com/@saumyasdesigns/petpawket-all-pet-services-in-your-pocket-part-1-1f68d10b7334,https://youtu.be/2qMXJP7ZW-4
Jan | æ•¸æ“šæµXç”¨æˆ¶æµ,Alterstayâ€™s Website Redesignâ€” UI/UX Case Project,https://medium.com/@sitilizaa/redesign-alterstays-website-ui-ux-case-study-a5e1da2828cb,https://youtu.be/LuFXowUIa_4
JaneLan | ç”¨æˆ¶æµ x æ•¸æ“šæµ,Case Study: Hardback _My First UI/UX Story,https://riyamukund.medium.com/hardback-my-first-ui-ux-story-494928b260c5,https://youtu.be/xCp9pkywFTs
Jason Linï½œç”¨æˆ¶æµ x å•†æ¥­æµ,Designing a Seamless In-Theater Food Ordering Experience for Moviegoers,https://medium.com/@chandansharma987193/designing-a-seamless-in-theater-food-ordering-experience-for-moviegoers-056ae387f336,https://youtu.be/WJ-QBT0ciD8
Jeffrey Wang | ç”¨æˆ¶æµ å•†æ¥­æµ,æ¡ˆä¾‹åˆ†äº«-Duolingo å¦‚ä½•é‡æŒ¯ç”¨æˆ¶å¢é•·,https://medium.com/systex/%E6%A1%88%E4%BE%8B%E5%88%86%E4%BA%AB-%E5%A4%9A%E9%84%B0%E5%9C%8B%E5%A6%82%E4%BD%95%E9%87%8D%E6%8C%AF%E7%94%A8%E6%88%B6%E5%A2%9E%E9%95%B7-16c36da5672c,https://youtu.be/wdwMIPe_Gjs
Jenna ï½œ ç”¨æˆ¶æµxå•†æ¥­æµ,Enhancing User Experience: A Redesign Case Study of Instagram,https://medium.com/@amen.cycle/enhancing-user-experience-a-redesign-case-study-of-instagram-9d92ef342d15,https://www.youtube.com/watch?v=R6gAPB1hGSc
JennaLi | ç”¨æˆ¶æµ x å•†æ¥­æµ,Booking.com â€” UX Case Study,https://medium.muz.li/booking-com-ux-case-study-7ffb39e54791,
Jenny | ç”¨æˆ¶æµ x å•†æ¥­æµ,Case study: Chrome Bookmark Organizing AI update,https://medium.com/@nandhiniselvaraj037/a-deep-dive-into-ai-powered-solutions-for-organizing-your-cluttered-bookmarks-streamlining-2dec1b703ecc,
jessica@tep|ç”¨æˆ¶æµxæ•¸æ“šæµ,"Case Study: Remeder, A responsive web app, created to help users take their medicines on time.",https://medium.com/@justimaad/case-study-remeder-a0e6c14e5e82,https://youtu.be/6_37Pa_ee3w
Jiaruï½œç”¨æˆ¶æµ,Behind the Design: Rethinking support messaging in the Lyft app,https://design.lyft.com/behind-the-design-rethinking-support-messaging-in-the-lyft-app-5c8fa3e7bc8b,
Jing HLï½œç”¨æˆ¶æµ,Designing an app to book sleeping pods at Airports in India: UI/UX case study,https://medium.com/design-bootcamp/designing-an-app-to-book-sleeping-pods-at-airports-in-india-ui-ux-case-study-b53de457c718,https://youtu.be/I9P5x0zDjLs
Jintin | ç”¨æˆ¶æµ x å•†æ¥­æµ,Googleâ€™s AI design principles in 2024: user-centric AI experiences,https://medium.com/design-bootcamp/googles-ai-design-principles-in-2024-user-centric-ai-experiences-f0d330e89efb,https://youtu.be/T3w7lWUNWN4
JN | ç”¨æˆ¶æµXå•†æ¥­æµ,Optimizing Ticketing with Red Rail: A UX design Case Study,https://medium.com/design-bootcamp/optimizing-ticketing-with-red-rail-a-ux-design-case-study-8503d0e20e5e,https://youtu.be/GIFUL71VNvk
Jonet | æ•¸æ“šæµ,"Lose Weight, Stay Healthy: Lose It App Redesign UI/UX Case Study",https://medium.com/@shubhamghunawat/lose-weight-stay-healthy-lose-it-app-redesign-ui-ux-case-study-41573eba4965,https://www.youtube.com/watch?v=voxW3gPJgf4
Josef | ç”¨æˆ¶æµ x æ•¸æ“šæµ,UI/UX Case Study: Redesign Maxim Apps,https://medium.com/@audinuria12/ui-ux-case-study-redesign-maxim-apps-7d0e97dd6872,https://youtu.be/SNpkv-Rz2us
Joycee,â€œRumbo å¥èº«â€ APPé–‹ç™¼ç¶“é©—åˆ†äº«,https://kkia.medium.com/rumbo-å¥èº«-appé–‹ç™¼ç¶“é©—åˆ†äº«-56c787127d28,https://youtu.be/DGVBdmWYrxQ
JROOï½œç”¨æˆ¶æµ,BeReal Research,https://www.behance.net/gallery/196551799/BeReal-UXUI-Research?tracking_source=search_projects|bereal+study&l=16,
JT | ç”¨æˆ¶æµXå•†æ¥­æµ,Hereâ€™s How You Can Prevent Food Wastage with FoodGaurd â€” A Product Design Case Study,https://medium.com/@cshandilya72/heres-how-you-can-prevent-food-wastage-with-foodguard-a-product-design-case-study-a1dbe541a8fb,https://youtu.be/v4U-ZJjMfyw
Kï½œä¸‰åˆ€æµ,UI/UX Case Study: Matahari App Redesign,https://medium.com/@ryanrisbaya/ui-ux-case-study-matahari-app-redesign-7617e5c9bac1,https://www.youtube.com/watch?v=JoW9d08Xqn4
Karen | ä¸‰åˆ€æµ x ç”¨æˆ¶æµ,MyPower App â€” UI/UX Redesign Case Study,https://medium.com/@mugoweru/mypower-app-ui-ux-redesign-case-study-d31f558bba0d,https://youtu.be/_hfVn5RpHLI
Kay. | ç”¨æˆ¶æµ,Case study: Instagram app redesign,https://medium.com/design-bootcamp/instagram-app-redesign-case-study-58465cf7a1b3,
KC i ç”¨æˆ¶æµ x æ•¸æ“šæµ,UX Case Study:Oblilet APP,,
é›¯é›¯| ç”¨æˆ¶æµ x å•†æ¥­æµ,å½±åŸå®˜ç¶²åŠŸèƒ½ä»‹é¢å„ªåŒ– UI&UX Redesign,https://www.behance.net/gallery/215677267/-UI-UX-Redesign,https://youtu.be/ilySRUwMns4
Kenny | ç”¨æˆ¶æµ x æ•¸æ“šæµ,How to avoid designing for current users at the expense of future ones,https://uxdesign.cc/how-to-avoid-designing-for-current-users-at-the-expense-of-future-ones-dd226322a074,https://youtu.be/ho6gueUAQHw
Kimmyï½œç”¨æˆ¶æµ,Designing for the Unseen: How Micro-Interactions Shape User Experience,https://medium.com/@gigiblack92/designing-for-the-unseen-how-micro-interactions-shape-user-experience-7654af49df93,https://youtu.be/KYymXS3-T9o
Krystal ï½œç”¨æˆ¶æµ x å•†æ¥­æµ,UI/UX Redesign Case Study - æ„›è²· a.mart App,https://www.behance.net/gallery/209959823/UIUX-Redesign-Case-Study-amart-App,https://www.youtube.com/watch?v=73q2ORPCGD0&t=16s
Lala | ç”¨æˆ¶æµ x å•†æ¥­æµ,[ENGLISH] â€” UI/UX Study Case: Redesign & Improving Watching Experience on Disney+,https://medium.com/@VetrickWilsen/english-ui-ux-study-case-redesign-improving-watching-experience-on-disney-f1852828e0ae,https://youtu.be/o3jP8pSDzvA
Lara,"How to overcome blank page syndrome, a luxury designers canâ€™t afford",https://uxdesign.cc/how-to-overcome-blank-page-syndrome-a-luxury-designers-cant-afford-eeb74a2c9c13,
Laura.H | ç”¨æˆ¶æµXå•†æ¥­æµ,Design for Spatial User Interfaces â€” Apple Vision Pro,https://medium.com/@keerthan630/design-for-spatial-user-interfaces-apple-vision-pro-4ea154ac1f39,https://youtu.be/HZJXqjfNJBo
Lawrence Lu ï½œç”¨æˆ¶æµÃ—å•†æ¥­æµ,16 little UI design tips that make a big impact,https://uxplanet.org/16-ui-design-tips-ba2e7524d203,https://www.youtube.com/watch?v=nQUmUlLMXr4
lemon|ç”¨æˆ¶æµxå•†æ¥­æµ,Smart Eat UX/UI Case Study,https://karthikkarki.medium.com/smart-eat-ux-ui-case-study-5d0fdb91a82a,https://youtu.be/J-27Eunw3sA
Leonana | ç”¨æˆ¶æµXæ•¸æ“šæµ,"UI/UX Case study: Unlocking mental wellness: Zenlyâ€™s journey of seamless journaling and crisis support.",https://medium.com/design-bootcamp/ui-ux-case-study-unlocking-mental-wellness-zenlys-journey-of-seamless-journaling-and-crisis-a65b60040059,
Li Li | ç”¨æˆ¶æµ x å•†æ¥­æµ,Netflix App â€” UI/UX Case Study,https://medium.com/@barunasp_/netflix-app-ui-ux-case-study-create-review-and-rating-feature-with-community-6bb4c571cac0,
liaowenç”¨æˆ¶æµxæ•¸æ“šæµ,Case study : Grocery shopping app adapted to the old persons,https://medium.com/@prskalo.karlo/case-study-grocery-shopping-app-adapted-to-the-old-persons-28bd9afa9bc2,https://youtu.be/evWrFw-kC6U
Lichieh l ç”¨æˆ¶æµxæ•¸æ“šæµ, UIUX / APP REDESIGN MCDONALD'S éº¥ç•¶å‹æ‡‰ç”¨ç¨‹å¼é‡æ–°è¨­è¨ˆ, https://www.behance.net/gallery/87753755/UIUX-APP-REDESIGN-MCDONALDS-,https://www.youtube.com/watch?v=ukgqcNRwaYw
Lil| å•†æ¥­æµ x æ•¸æ“šæµ,UX/UI Case Study â€” Improving Ryanairâ€™s Online Flight Booking Experience,https://medium.com/@evamarti/ux-ui-case-study-improving-ryanairs-online-flight-booking-experience-85d8f2a6f2fa,
Lilymay | ç”¨æˆ¶æµ x å•†æ¥­æµ,Cafe App â€” UI/UX Case Study,https://medium.com/@santoshsonnad01/cafe-app-ui-ux-case-study-57f6f476e561,https://youtu.be/FOQse9cj6CQ
LilyWang | ç”¨æˆ¶æµ x æ•¸æ“šæµ,Designing for Degens: A UX Cheat Sheet for Crypto,https://medium.com/@raphaela.schiefersteiner/designing-for-degens-a-ux-cheat-sheet-459eebbcd424,
Lin |ç”¨æˆ¶æµxæ•¸æ“šæµ,UX Case Study: Meal Planner App,https://medium.com/@teenatomy/ux-case-study-meal-planner-app-b0aec02f274f,
Linda|ç”¨æˆ¶æµ,UI/UX Case Study â€”ReDesign Goodreads app,https://medium.com/@moh4deseh/ui-ux-case-study-goodreads-redesign-2807c9c7caae,
Lucine,Design notes on the 2023 Wikipedia redesign,https://uxdesign.cc/design-notes-on-the-2023-wikipedia-redesign-d6573b9af28d,
Lucis | ç”¨æˆ¶æµ/å•†æ¥­æµ,GT Bank App Case Study,https://medium.com/@olafioyeseyifunmi/gt-bank-app-case-study-cbf17d43ec41,https://youtu.be/_G_FVjzzBpI?si=TrTzZlzZi_oxcOlC
Lulu | ç”¨æˆ¶æµ,å¾®ç¬‘å–®è»Šåªè¦‹è‹¦ç¬‘ï¼ŸYouBike App Redesign,https://medium.com/as-a-product-designer/%E5%BE%AE%E7%AC%91%E5%96%AE%E8%BB%8A%E5%8F%AA%E8%A6%8B%E8%8B%A6%E7%AC%91-youbike-app-redesign-b05c7f2f9765,
Lydia Heï½œå•†æ¥­æµxæ•¸æ“šæµ,UX Case Study: The case study that landed me my first job.,https://medium.com/@thenikhildeshpande/ux-case-study-the-case-study-that-landed-me-my-first-job-5fe19e589a1d,https://youtu.be/DhIGCXa_KlQ
Makusuï½œæ•¸æ“šæµ,"Redesigning the Subway App for a Better User Experience (1)
Redesigning the Subway App for a Better User Experience (2)","https://medium.com/@dawoon.crystal/redesigning-the-subway-app-for-a-better-user-experience-1-cdc09e93bb2f
https://medium.com/@dawoon.crystal/redesigning-the-subway-app-for-a-better-user-experience-2-1046f6a2827d",
Manali | å•†æ¥­æµ,UX Mistakes in Game Development,https://medium.com/@MaxKosyakoff/ux-mistakes-in-game-development-6f76b4b02f43,https://www.youtube.com/watch?v=O5BZKykMXzo  éŠæˆ²å›é¥‹ç ”ç©¶
Max ç”¨æˆ¶*æ•¸æ“š*å•†æ¥­,UX/UI Case Study: Purpose-Driven Financial Investment Platform Design,https://medium.com/@theuxda/ux-ui-case-study-purpose-driven-financial-investment-platform-design-dfd5ca0b03e8,
MECH | ç”¨æˆ¶æµ x å•†æ¥­æµ,A Case Study On Enhancing Customer Retention and Brand Loyalty with UI/UX Design,https://medium.com/@sherlypricilla18/a-case-study-on-enhancing-customer-retention-and-brand-loyalty-with-ui-ux-design-e7b900d24367,
Meow Mi âˆ£ ç”¨æˆ¶æµxå•†æ¥­æµ,Redesigning the French Book App Babelio following Nielsenâ€™s Heuristics â€” UX Case Study,https://medium.com/@mathilde.leonardo/redesigning-the-french-book-app-babelio-following-nielsens-heuristics-ux-case-study-n-3-11c13738e067,https://youtu.be/7nw40XZLgUA
Miao| ç”¨æˆ¶æµ x å•†æ¥­æµ,CRDB Case Study: Moving from Standard Digital Banking to a Future-Focused Brand in Africa,https://www.theuxda.com/blog/crdb-case-study-moving-standard-digital-banking-to-future-focused-brand-in-africa,
Miko Liu | ç”¨æˆ¶æµ,Savory  Dashboard & Website Design (Case study),https://www.behance.net/gallery/207311011/Dashboard-Website-Design-E-commerce-(Case-Study)?tracking_source=search_projects|ui+case+study&l=72,
Minï½œæ•¸æ“šæµ Ã— ç”¨æˆ¶æµ,Smart Kitchen Tracking: Simplifying Cooking and Food Waste Reduction â€” A UX Case Study,https://medium.com/@shisachhotray/smart-kitchen-tracking-simplifying-cooking-and-food-waste-reduction-a-ux-case-study-720b7db7a0b6,
Mio,Duolingoâ€™s onboarding testing â€” whatâ€™s stuck?,https://uxdesign.cc/duolingos-onboarding-2-years-on-3cbccad139f7,https://youtu.be/jqGm5NpQhRg
Mo LingÂ  | ç”¨æˆ¶æµ x æ•¸æ“šæµ,ã€Œã†ã‚Œã—ã•ã®å¾ªç’°ã‚’å®Ÿç¾ã™ã‚‹æ±èŠã®ãƒ‡ã‚¶ã‚¤ãƒ³ã€€ï½ç¤¾ä¼šã‚¤ãƒ³ãƒ•ãƒ©é ˜åŸŸã®UXã¨UIãƒ‡ã‚¶ã‚¤ãƒ³ï½ã€,https://www.4gamer.net/games/999/G999905/20240827041/,https://youtu.be/Ytm6HOJXcqQ
Moriâ­ï½œç”¨æˆ¶æµ x æ•¸æ“šæµ,æœˆæ´»2å„„çš„å°ç´…æ›¸ç”¢å“è¨­è¨ˆå…¨æ–¹ä½æ·±åº¦è§£æ,https://www.uisdc.com/xiaohongshu-design,https://youtu.be/a3KTUyh9zxs
mumu | ç”¨æˆ¶æµ,Simplifying Kiwiâ€™s Onboarding Experience / Reimagining Kiwiâ€™s Onboarding,"https://medium.com/@sendtosoham/simplifying-kiwis-onboarding-experience-6cbb030cd275
https://medium.com/@designwithroony/reimagining-kiwis-onboarding-0e6e390c9340",
Mumumu,Connect Through Cycling,https://medium.com/@ingole.ninad1/connect-through-cycling-8063e7da7217,
Nå¹³æ–¹ | ç”¨æˆ¶æµ x æ•¸æ“šæµ,rebank â€” digital bank app â€” ux/ui,https://www.behance.net/gallery/176160923/rebank-digital-bank-app-uxui?tracking_source=search_projects%7Cui+case+study&l=48,
Ney| ç”¨æˆ¶æµXå•†æ¥­æµ,iDrop- Grow fast in the learning curve for patients with diabetes,https://medium.com/@soniavidalgarcia/idrop-grow-fast-in-the-learning-curve-for-patients-with-diabetes-cd0b75366426,https://youtu.be/foXUzjQyKe0
Nini/å•†æ¥­æµ/ç”¨æˆ¶æµ,UX case study: Dunelmâ€™s record profits and sales up 33%,https://medium.com/design-bootcamp/ux-case-study-dunelms-profits-and-sales-up-33-37e4e9ccf3fc,https://youtu.be/56qyTfQzG7E
NNï½œç”¨æˆ¶æµ x å•†æ¥­æµ,UI/UX Case Study : Study Buddy Online Learning Platform,https://medium.com/@sagitazahraramadhani/ui-ux-case-study-study-buddy-online-learning-platform-63d0e8728128,https://youtu.be/kyU0qtrIeLg
Nouno | ç”¨æˆ¶æµ x æ•¸æ“šæµ,How Heuristic Evaluation Can Make EgyptAirâ€™s App More User-Centric?,https://medium.com/@nourhanmamdouh94/how-heuristic-evaluation-can-make-egyptairs-app-more-user-centric-b55ff902bf42,https://youtu.be/ShUeG8S2zFI
OliviaYuï½œç”¨æˆ¶æµ x æ•¸æ“šæµ,Improving package selection experience- a product design case study,https://medium.com/@kritikahasija/improving-package-selection-experience-a-product-design-case-study-f91b3b42c4a5,https://youtu.be/WX5sC2t-kIA
orangepapa l ç”¨æˆ¶æµxå•†æ¥­æµ,å°ç£å¥ä¿è¡Œå‹•å¿«æ˜“é€šå†è¨­è¨ˆæ¦‚å¿µ,https://medium.com/uxcircles/%E5%8F%B0%E7%81%A3%E5%81%A5%E4%BF%9D%E8%A1%8C%E5%8B%95%E5%BF%AB%E6%98%93%E9%80%9A%E5%86%8D%E8%A8%AD%E8%A8%88%E6%A6%82%E5%BF%B5-4ad69cd22382,
Owen ï½œç”¨æˆ¶æµ x å•†æ¥­æµ,Game UX Case Study: Toem,https://medium.com/design-bootcamp/game-ux-case-study-toem-2c88906bcaf5,https://youtu.be/Nv6HyMKOLYQ
Owl ï½œç”¨æˆ¶æµ x å•†æ¥­æµ,Food delivery app redesign,https://www.behance.net/gallery/162978273/UX-Case-study-Food-delivery-app-redesign?tracking_source=search_projects&l=1,https://youtu.be/oqaaE9NsLC0?si=bLWIs2s8Mc6JqHcX
Ã”Ï‰Ã”ï½œç”¨æˆ¶æµ,UX Design case study: New feature for content recommendations on Netflix,https://medium.com/design-bootcamp/netflix-new-feature-for-content-recommendations-6a7e4ee4042a,https://youtu.be/aouQscNyfds
pei chieh | ç”¨æˆ¶æµ,è¦åŠƒæ—…ç¨‹çš„å°å¹«æ‰‹ï¼šGoogle Map Redesign | UIUX Case Study,https://medium.com/@yiyinhuang/%E8%A6%8F%E5%8A%83%E6%97%85%E7%A8%8B%E7%9A%84%E5%B0%8F%E5%B9%AB%E6%89%8B-google-app-redesign-uiux-case-study-c4cc8756b45d,https://youtu.be/quNeQegTx48
Pennnnnyï½œç”¨æˆ¶æµ x å•†æ¥­æµ,UI/UX Case Study â€” IKEA Application Redesign,https://medium.com/@ranandayoanko/ui-ux-case-study-ikea-application-redesign-be2893e6c99,
Petraï½œç”¨æˆ¶æµ,UIUX applications for autonomous vehicles,"https://medium.com/è‡ºå¤§ä¸ä¸€æ¨£æ€è€ƒç¤¾/ui-ux-è¨­è¨ˆå¸«å¦‚ä½•å› æ‡‰æ±½è»Šç”¨æˆ¶é«”é©—è¨­è¨ˆçš„è¶¨å‹¢-8f264656231d 
https://www.ramotion.com/blog/automotive-ux-design/",
Phil _manor| ç”¨æˆ¶ x æ•¸æ“šæµ,London City Dashboard Redesign,https://www.behance.net/gallery/212157365/London-City-Dashboard-Redesign?tracking_source=search_projects_published_date|redesign+case+study&l=31,https://youtu.be/zlWziJ_XUMA
Phoebe|ç”¨æˆ¶æµ x å•†æ¥­æµ,FAANG UX case study: Our story and 5 tips for you,https://medium.com/design-bootcamp/faang-ux-case-study-our-story-and-5-tips-for-you-de0856a38327,https://youtu.be/nQaFVGGubPo
pohï½œç”¨æˆ¶æµ x å•†æ¥­æµ,Dog Adoption App â€“ UX Case Study 2023,https://www.behance.net/gallery/178602301/Dog-Adoption-App-UX-Case-Study-2023,
Queenie | ç”¨æˆ¶æµ,Case study : Designing a user-friendly cooking app for busy professionals,https://medium.com/design-bootcamp/ui-ux-case-study-designing-a-cooking-app-for-young-professionals-aa44b7adeb23,
Rï½œç”¨æˆ¶æµ X å•†æ¥­æµ,Shopee Cart Improvement â€” UI/UX Case Study,https://medium.com/@yunifasafariyani/shopee-cart-improvement-ui-ux-case-study-43b56a1c0d38,https://youtu.be/9rWpVQ6dwtw
Riaï½œç”¨æˆ¶æµ,Ushowå®˜ç¶²,https://aliciali.com/zh-ushow,https://youtu.be/UMv-JIESkuw
Rita | å•†æ¥­æµ x æ•¸æ“šæµ,UX Case Study: Carbon Footprint Tracking Feature,https://medium.com/@elenech/ux-case-study-carbon-footprint-tracking-feature-aeb5814fe2b4,
Rk l ç”¨æˆ¶æµxå•†æ¥­æµ,Case Study : Usability Analysis and App Redesign For Starbucks Indonesia Mobile App,https://medium.com/design-bootcamp/starbucks-indonesia-redesign-4427855d5757,
Rn | ç”¨æˆ¶æµ,Becoming a better UX leader,https://medium.com/@fuad3450/becoming-a-better-ux-leader-08dc1cc0db19,https://youtu.be/ylSAzMQSXyA
Rola ï½œç”¨æˆ¶æµ x å•†æ¥­æµ,Designing an AI-Enhanced Storytelling App,https://medium.com/@mrimnura/turning-texts-into-visual-journeys-cdb0632763ce,https://youtu.be/b_JcFlQ78DM
Ruby| ç”¨æˆ¶æµ x å•†æ¥­æµ,"Chops, a UX Design case study",https://drive.google.com/file/d/1yaAxAAoSk5oz8QovsgrOqKXIR4fHAWEK/view?usp=sharing,https://docs.google.com/spreadsheets/d/1gMjILOI8CebtIydtRB-1P-oDXlPkpU6s2YkwlQNtwuo/htmlview
Ryan | ç”¨æˆ¶æµ x å•†æ¥­æµ,UX Improvements of the video game â€œThis Land is My Landâ€. Part 1,https://medium.com/@leila1997.11/ux-improvements-of-the-video-game-this-land-is-my-land-part-1-85a5b6262446,
Ryo|ç”¨æˆ¶æµxå•†æ¥­æµ,When being  pretty is not enoughâ€Šâ€”â€ŠUX Case Study app Co-Star,https://medium.com/@anicole.ramirez/when-being-pretty-is-not-enough-ux-case-study-app-co-star-df922a63225f,
Sammi uiux |ç”¨æˆ¶æµxå•†æ¥­æµ,"Designing user onboarding: lessons from Figma, Duolingo, and more",https://medium.com/user-experience-design-1/designing-user-onboarding-lessons-from-figma-duolingo-and-more-d446522e8a65,https://m.youtube.com/watch?v=OJ52V4SaNwI
SandyC | #ç”¨æˆ¶æµ x #å•†æ¥­æµ,Why your UX Portfolio is not getting interviews in 2024? Doâ€™s & Donâ€™ts!,https://medium.com/ux-planet/why-your-ux-portfolio-is-not-getting-interviews-in-2024-dos-don-ts-be1ae60fab29,https://youtu.be/4-IY3fcbbWs
SASAï½œç”¨æˆ¶æµxå•†æ¥­æµ,MOS Burger - UX for Business,https://www.behance.net/gallery/211764373/MOS-Burger-UX-Innovation-Concept?tracking_source=search_projects_published_date|ux+&l=0,https://youtu.be/MXETY8OXOSE
sheenaï½œå•†æ¥­æµ X æ•¸æ“šæµ,ConvinientCare : Health Care App. UX Case Study,https://medium.com/@anushkakadam9122/convinientcare-health-care-app-ux-case-study-16b724044e4b,
Stan | ç”¨æˆ¶æµ xå•†æ¥­åŠ‰x æ•¸æ“šæµ,Save it! â€” An Instagram UI/UX redesign,https://blog.prototypr.io/save-it-an-instagram-ui-ux-redesign-16962a9d37bf,https://youtu.be/Df-BySBmz0k
Stanleyï½œç”¨æˆ¶æµ x æ•¸æ“šæµ,Ironhack Project 2: E-commerce website,https://medium.com/@anaelle.ubaldino_40589/ironhack-project-2-e-commerce-website-a88c910728b4,https://youtu.be/RQUWBtcaIIg
Sung | ç”¨æˆ¶æµxå•†æ¥­æµ,Revolutionizing Finance: A UX Case Study on Designing a Digital Banking Super App,https://eltannn.medium.com/ux-case-study-how-to-design-a-digital-banking-super-app-7b67c264fb7a,https://www.youtube.com/watch?v=GKTesDK_wXo
Susan Linï½œå•†æ¥­æµxæ•¸æ“šæµ,UIUX Case Study: Visiting Museum,https://medium.com/@dina.riana/uiux-case-study-visiting-museum-236cc658ab25,https://youtu.be/kCcj_S28J7M
SW | ä¸‰åˆ€æµ,UI/UX Case Study: The Starbucks App Revamp ,https://medium.com/design-bootcamp/ui-ux-case-study-the-starbucks-app-revamp-youve-all-been-waiting-for-f51ebc8c507b,
Sylviaï½œç”¨æˆ¶æµ x æ•¸æ“šæµ,Detailed Case Study: User Management and Team Management Dashboard Design,https://medium.com/@balajishekar87/detailed-case-study-user-management-and-team-management-dashboard-design-ccbd477da61d,
Tang | ç”¨æˆ¶æµ,Larger Screens: Evolving HCI and Interface Design,https://medium.com/@acoffeeeveryday/larger-screens-evolving-hci-and-interface-design-01061e3abbf0,
Taryn | ç”¨æˆ¶æµxæ•¸æ“šæµ,HMI concept design for L3 driving,https://www.behance.net/gallery/206496853/HMI-concept-design-for-L3-driving?tracking_source=search_projects|automotive+user+experience&l=3,https://youtu.be/wByo-SgP0W0
Teresa | ç”¨æˆ¶æµ x æ•¸æ“šæµ,Zap â€” Crypto bridging made seamless: a UI/UX case study,https://medium.com/design-bootcamp/zap-crypto-bridging-made-seamless-a-ui-ux-case-study-49196fae14c0,https://youtu.be/Wzel1SJ71HY
Tinaï½œç”¨æˆ¶æµ x å•†æ¥­æµ,McDonaldâ€™s Mobile App Redesign â€” UI/UX Case Study,McDonaldâ€™s Mobile App Redesign â€” UI/UX Case Study | by Bunga Azhara Rosalisa | Medium,https://youtu.be/3cZ9D1AlU_g
TinaLin ï½œç”¨æˆ¶æµ x å•†æ¥­æµ,ã€ è¨­è¨ˆåˆ†æ ã€‘LINE æ—…éŠ â€” è¦åŠƒè¡Œç¨‹ä½¿ç”¨é«”é©—,https://medium.com/@designpayfun/line-travel-f3288e782fc4,https://youtu.be/1tTvLDRtOag
Tira| ç”¨æˆ¶æµxå•†æ¥­æµ,Gomaji app redesign,,
toivo,How Spotify recommends songs â€” A Look into their recommendation design philosophy.,https://medium.com/@allrichhayden/how-spotify-recommends-songs-a-look-into-their-recommendation-design-philosophy-06a63da1e26e,UXä¸‰åˆ€æµ-toivo çš„æœŸä¸­å ±å‘Š-CaseStudy.mov
UuuğŸ«¶ğŸ»ï½œç”¨æˆ¶æµxå•†æ¥­æµ,â€˜We Hear Youâ€™â€“ Redesigning for connection and simplicity,https://medium.com/@tanaya.ux/mental-wellness-made-habit-a-case-study-on-redesigning-a-mental-health-app-bc935dd273ce,https://youtu.be/8ewKIyyyPTg
Via Li |ç”¨æˆ¶æµxå•†æ¥­æµ,"Cart System on a Vending Machine, Will It Work?",https://medium.com/@bintangakbarr/revamp-ui-ux-smartven-vending-machine-system-b95307e91977,https://youtu.be/KdeHFaR1ScU
Vickie | ç”¨æˆ¶æµxå•†æ¥­æµ,Analisando App Bradesco Seguros Odonto,https://medium.com/@feliperpmour/analisando-app-bradesco-seguros-odonto-d862e0e835a1,
vincenté™³ | ç”¨æˆ¶æµ,"å°ç£äººå£½-TeamWalkä¿éšªå¥åº·æœå‹™å¹³å°

",,
viio | ç”¨æˆ¶æµ x æ•¸æ“šæµ,â€˜Stay In Banarasâ€™ Varansiâ€™s first Bespoke Boutique Hotel! Website Redesign â€” UX Case Study!,https://medium.com/design-bootcamp/stay-in-banaras-varansi-s-first-bespoke-boutique-hotel-website-redesign-ux-case-study-dd9f9b33db9e,https://youtu.be/3hBknhe6D3Y
VVN_Chen| ç”¨æˆ¶æµ X å•†æ¥­æµ,Solving Luggage Problems for Travelers â€” A UX Case Study,https://medium.com/@tejashinduja/solving-luggage-problems-for-travelers-a-product-design-case-study-193c70c640ba,https://youtu.be/bW_AKizs4uA
VVW | ç”¨æˆ¶æµXå•†æ¥­æµ,Improving Ryanairâ€™s inflight ordering app feature,https://lorcanlooney.com/ryanair-inflight-menu,https://youtu.be/V4pnseju86s?si=bqNrzxZyXg7AViYu
wala | ç”¨æˆ¶æµ x å•†æ¥­æµ,æ–°éŸ“éŠ€è¡Œ SQL App UIUX refrenceåˆ†æ,https://m.blog.naver.com/robbiesjourney/223133071072,https://youtu.be/Vu3XWWkDfsI
Nianiï½œå•†æ¥­æµ,UI/UX Redesignï½œè¯é‚¦éŠ€è¡Œç¶²è·¯éŠ€è¡ŒAppï½œMobile App,https://www.behance.net/gallery/198375935/UIUX-RedesignAppMobile-App?tracking_source=search_projects|ç¶²éŠ€+redesign&l=2,https://youtu.be/gTPQluzJIKI
Wei | å•†æ¥­æµ x æ•¸æ“šæµ,Designing SBNRIâ€™s referral program- UI/UX Case Study,https://medium.com/@harirammang/designing-sbnris-referral-program-ui-ux-case-study-76aa1b01894f,
Wen| ç”¨æˆ¶æµXå•†æ¥­æµ,UX / UI Case Study: Google Payâ€™s New Features - Revolutionizing Budget Management.,https://medium.com/@abhijeetthakur830/ux-ui-case-study-google-pays-new-features-revolutionizing-budget-management-9a2e37723336,https://youtu.be/VRXszwHd90c
Wendy | ç”¨æˆ¶æµ,å¨ç§€å½±åŸApp / UI&UX Redesign,https://medium.com/@t105ac2004/%E5%A8%81%E7%A7%80%E5%BD%B1%E5%9F%8Eapp-ui-ux-redesign-48242e9fc5ba,https://youtu.be/WxYmjHWGJQo
Wi | ç”¨æˆ¶æµ X å•†æ¥­æµ,Fitness mobile app | UX UI case study,https://www.behance.net/gallery/197164425/Fitness-mobile-app-UX-UI-case-study?tracking_source=search_projects|ux+case+study&l=12,
WJï¼ç”¨æˆ¶æµ,Creating a Travel planning experience for a Travel Booking app: Product design Case Study,https://medium.com/uxm-community/creating-a-travel-planning-experience-for-a-travel-booking-app-product-design-case-study-275a1a9c1a23,
Wooï½œå•†æ¥­æµ, Movie Seats Reservation | UX/UI | Case Study,https://www.behance.net/gallery/177933975/Movie-Seats-Reservation-UXUI-Case-Study?tracking_source=search_projects%7CApp+Case+Study,https://youtu.be/renviKB9ung
Wowow| ç”¨æˆ¶æµ x å•†æ¥­æµ,Forbes appâ€” UI/UX redesign case study,https://uxplanet.org/forbes-app-ui-ux-redesign-case-study-6c40b686ec6c,https://youtu.be/5SkPj9Fi310
Wyï½œç”¨æˆ¶æµ,UX/UI Case Study â€” Improving Eva airâ€™s Online Flight Booking Experience Part I,https://medium.com/@yunshengho/ux-ui-case-study-improving-eva-airs-online-flight-booking-experience-part-i-b4071475a4b5,https://www.youtube.com/watch?v=OowWPHjZQS4
xie | ç”¨æˆ¶æµ x æ•¸æ“šæµ,2023å°åŒ—æ·é‹Go Taipei Metro APP UI/UX Redesign Project,https://www.behance.net/gallery/175684715/2023Go-Taipei-Metro-APP-UIUX-Redesign,
y_yun | ç”¨æˆ¶æµ,ZARA App Redesign.,https://www.behance.net/gallery/212104759/ZARA-App-Redesign?tracking_source=search_projects|ux+redesign&l=2,https://youtu.be/Dn7abS9g1Tk
Yayaya | ç”¨æˆ¶æµ x å•†æ¥­æµ,Fostering ties between your loved ones: A UX Case Study,https://medium.com/@ingole.ninad1/fostering-ties-between-your-loved-ones-a-case-study-14453b394494,https://www.youtube.com/watch?v=gNq2gRrS0_k&ab_channel=yaya
Qæ¯” | ç”¨æˆ¶æµ x å•†æ¥­æµ,Tiktok App â€” UI/UX Case Study,https://medium.com/@yunifasafariyani/tiktok-app-ui-ux-case-study-707cb5639636,https://www.youtube.com/watch?v=K4DFenaffoA
Yu Chen | ç”¨æˆ¶æµ X å•†æ¥­æµ,UX award award product:Acoustic Water Leak Detector,https://ux-design-awards.com/winners/acoustic-water-leak-detector,https://youtu.be/SSqtVgQdQe0
Yuli Wu | ç”¨æˆ¶æµxæ•¸æ“šæµ,FoodMix â€” Cooking App. UX Case Study(FoodMix â€” çƒ¹é£ªæ‡‰ç”¨ UX æ¡ˆä¾‹ç ”ç©¶),https://uxplanet.org/foodmix-cooking-app-ux-case-study-d046c1f5896b,https://youtu.be/GDQbrc6NRfU
yuxuan | ç”¨æˆ¶æµ,Decoding Duolingo: A Case Study on the Impact of Gamification on the User Experience,https://medium.com/@flordaniele/duolingo-case-study-research-on-gamification-90b5bac3ada0,https://youtu.be/ZpINGEFYbFM?si=JffS9DBBvQvXUD13
Yvette | ç”¨æˆ¶æµ x å•†æ¥­æµ,From Audio App to Entertainment Hub: The Kuku FM Redesign Case Study,https://medium.com/@aneel.kaushikk/from-audio-app-to-entertainment-hub-the-kuku-fm-redesign-case-study-d7a7f5fc69bf,
Yvette | ç”¨æˆ¶æµ x å•†æ¥­æµ,UX Design Case Study : Saving Posts on Pinterest in one Action,https://medium.com/@nanditha97/ux-design-case-study-saving-posts-on-pinterest-in-one-action-116171a7a1a3,
ZaraRem | æ•¸æ“šæµ,The Rise and Fall of Neumorphism,https://medium.com/ux-planet/the-rise-and-fall-of-neumorphism-613795fc6f8d,https://youtu.be/3Ag53RNWl-c
zazaï½œç”¨æˆ¶æµ x æ•¸æ“šæµ,ZARA: A Website Redesign - UX/UI Case Study,https://medium.com/@sravaniburgoju365/zara-a-website-redesign-ux-ui-case-study-be4c8b89ca75,https://youtu.be/uAaDwilPmds
zobody | ç”¨æˆ¶æµxå•†æ¥­æµ,"Twitter/X: Emotions, Habits, and Motivation in Digital Design",https://medium.com/design-bootcamp/twitter-x-emotions-habits-and-motivation-in-digital-design-c998f1ef1605,
Zoey Rï½œç”¨æˆ¶æµ x å•†æ¥­æµ,Redesigning the Subway App for a Better User Experience,https://medium.com/@dawoon.crystal/redesigning-the-subway-app-for-a-better-user-experience-1-cdc09e93bb2f,
Zonaï½œç”¨æˆ¶æµ x å•†æ¥­æµ,BKT UX Case Study: How To Improve Customer Service in Legacy Bank's App,https://medium.com/muzli-design-inspiration/ux-case-study-turning-a-100-year-old-bank-into-a-digital-innovator-5680a587e689,https://youtu.be/BXoxwjWKG64?si=BzxHg5Oigf8jO2JF
ãƒŠãƒŠï½œç”¨æˆ¶æµxå•†æ¥­æµ xæ•¸æ“šæµ,UI/UX Case Study: Optimising Etihadâ€™s Ancillary Booking Experience,https://medium.com/design-bootcamp/ui-ux-case-study-optimising-etihads-ancillary-booking-experience-2b723e81bf61,https://youtu.be/VwEyBm0ZQIc
kikilalaï½œæ•¸æ“šæµ,UI/UX Case Study: The Starbucks App Revamp Youâ€™ve All Been Waiting Forâ€¦,https://medium.com/design-bootcamp/ui-ux-case-study-the-starbucks-app-revamp-youve-all-been-waiting-for-f51ebc8c507b,https://youtu.be/_xDr7WcNrgc
Minï½œç”¨æˆ¶æµÃ—å•†æ¥­æµ,Case study: Improving the UI/UX of the admin portal in SOMPO International,https://medium.muz.li/case-study-improving-the-ui-ux-of-the-admin-portal-in-sompo-international-7845e064bb4d,https://youtu.be/I4P3udHJmBI
å¢¨å¢¨ï½œç”¨æˆ¶æµ,UX in Clinical Trials: Uncovering the Unexpected -  UX æ”¹å–„è‡¨åºŠè©¦é©—æ•¸æ“šç®¡ç†,https://www.youtube.com/watch?v=iFHzaYRlIw4  & https://ascopubs.org/doi/10.1200/JCO.2023.41.16_suppl.e13624,"https://youtu.be/fIfOsroq0rs
"
Karma\K-ç”¨æˆ¶æµxå•†æ¥­æµ,Event Booking App Case Study,https://drive.google.com/file/d/1hNgdprOgYm8ImOkROVUyhJpu5nCbt93u/view?usp=sharing,
GhostğŸ‘»ï½œæ•¸æ“šæµxç”¨æˆ¶æµ,UI/UX Case Study: Grab App Redesigned To Make Food Hunting Even Better,https://medium.com/@justin.choo1997/ui-ux-case-study-grab-app-redesigned-to-make-food-hunting-even-better-b8ed7b444d37,https://youtu.be/rWQOOSBrXG4?si=tw-oqUIvsHBLH-cp
yihsien,Hotel booking mobile app UI/UX Design case study,https://www.behance.net/gallery/204114309/Hotel-booking-mobile-app-UIUX-Design-case-study?tracking_source=search_projects|ui+ux+case+study&l=2,https://youtu.be/6pTj2Nh9Jmg
Zoie | ç”¨æˆ¶æµ Ã— å•†æ¥­æµ,Side Project å°ˆæ³¨æ—…äººç”¢å“è¨­è¨ˆæ—¥è¨˜,https://kkia.medium.com/side-project-%E5%B0%88%E6%B3%A8%E6%97%85%E4%BA%BA%E7%94%A2%E5%93%81%E8%A8%AD%E8%A8%88%E6%97%A5%E8%A8%98-1-2e555b0a42d6,https://youtu.be/AHfY9PbQlMo
ä¸¹å°¼å¡ï½œç”¨æˆ¶æµï¼¸æ•¸æ“šæµ,Apple News App -- UX Redesign,https://uxdesign.cc/apple-news-a-usability-case-study-1ae7b037a7fd,https://youtu.be/eQXFGQtnPJU
L | ç”¨æˆ¶æµ Ã— å•†æ¥­æµ,A fresh dive: Redesigning the Aussie Divers website â€” A UX case study,https://medium.com/design-bootcamp/a-fresh-dive-redesigning-the-aussie-divers-website-a-ux-case-study-3e24d60d2a8b,
Kaya.h | ç”¨æˆ¶æµ x æ•¸æ“šæµ,How Uber Conquered UX Design,https://medium.com/prototypr/how-uber-conquered-ux-design-1d9c56788a41,https://youtu.be/L1khGdneR_U
Wrenï½œç”¨æˆ¶æµ X æ•¸æ“šæµ,UI/UX Case Study: Empowering women safety and sexual literacy â€” app and responsive website design.,https://medium.com/@jaikishore2609/ui-ux-case-study-empowering-women-safety-and-sexual-literacy-app-and-responsive-website-design-c6926621dbd1,https://youtu.be/R4m9mgJly5c
Sou,Redesign of the social film platform- Letterboxd using Figma. UX Case Study,https://medium.com/@shreyabanerjee719/redesign-of-the-social-film-platform-letterboxd-using-figma-ux-case-study-b9aa8012ad0a,https://youtu.be/E5UOyg097yY
Elvin | ç”¨æˆ¶æµ Ã— å•†æ¥­æµ,"Mobile app redesign: 30,000 downloads within the first two weeks after launch",https://innowise.com/case/mobile-app-redesign/,https://youtu.be/mQNEB64f0lk?si=UORyV30ssAy9dwuL
Judy Lee | ç”¨æˆ¶æµ,Case Study â€” VegIn your vegan life,https://medium.com/@saragj92/case-study-vegin-your-vegan-life-a65e4d8e8cf,https://youtu.be/5eXS20TZFD0
å‘¨ | ç”¨æˆ¶æµ X æ•¸æ“šæµ,Revamping the Blinkitâ€™s reorder flow experience with an aim to increase repeat purchase rate and basket size.,https://medium.com/uxm-community/revamping-the-blinkits-reorder-flow-experience-with-an-aim-to-increase-repeat-purchase-rate-and-da88512fb380,
KagğŸ” | ç”¨æˆ¶æµ,UX Case Study: Pikmin Bloom å¾çš®å…‹æ•Bloomçœ‹ä»‹é¢è¨­è¨ˆ,https://medium.com/@tyr0267/ux-case-study-pikmin-bloom-7a3267b2c974,https://drive.google.com/file/d/1yhbxr1A-cUfJ6WSVTLf8tGpTwaQVlRk-/view?usp=drive_link
Peko | ç”¨æˆ¶æµ x å•†æ¥­æµ,Case Study: Redesigning a SaaS Task Manager to Double Productivity.,https://medium.com/@mariamukha/case-study-redesigning-a-saas-task-manager-to-double-productivity-literally-cbc2d35e7d7f,https://youtu.be/NwZT30cUol0
Viviane Chang | æ•¸æ“šæµ,"Mobile JKN: A UI/UX Redesign Case Study
",https://aliciautomo.medium.com/mobile-jkn-a-ui-ux-redesign-case-study-43b29d60999f,https://drive.google.com/file/d/1Bic9-YZxluCItnA4-NuAKCfEbzn6dTqc/view?usp=sharing
Wcg(ç ) | ç”¨æˆ¶æµ x å•†æ¥­æµ,The Role of Sound Design in UI/UX: Creating Immersive Auditory Experiences,https://medium.com/@niamh-oshea/the-role-of-sound-design-in-ui-ux-creating-immersive-auditory-experiences-78bbe3319d3d,https://drive.google.com/file/d/1gRnjz31ED8Nl8D9uc0CDHGsNAxNU1Kas/view?usp=sharing
YN | ç”¨æˆ¶æµÃ—å•†æ¥­æµ,How I designed an onboarding process to reduce bounce rates by 30% at WorkMode.,https://medium.com/design-bootcamp/how-i-designed-an-onboarding-process-to-reduce-bounce-rates-by-30-at-workmode-45ff5f7162f4,https://youtu.be/QM-y5uBw1NA